{
	"credit": "Made with Blockbench",
	"texture_size": [32, 32],
	"textures": {
		"0": "bow",
		"particle": "bow"
	},
	"elements": [
		{
			"from": [6, -1, 6],
			"to": [10, -1, 10],
			"faces": {
				"down": {"uv": [0, 8, 8, 16], "texture": "#missing"}
			}
		},
		{
			"from": [6, -1.5, 8],
			"to": [7, 0.5, 9],
			"rotation": {"angle": 45, "axis": "z", "origin": [5.5, 1.5, 5.5]},
			"faces": {
				"north": {"uv": [15.5, 15.5, 16, 16], "texture": "#0"},
				"east": {"uv": [15.5, 15.5, 16, 16], "texture": "#0"},
				"south": {"uv": [15.5, 15.5, 16, 16], "texture": "#0"},
				"up": {"uv": [15.5, 15.5, 16, 16], "texture": "#0"}
			}
		},
		{
			"from": [7, -0.5, 8],
			"to": [8, 0.5, 9],
			"rotation": {"angle": 45, "axis": "z", "origin": [5.5, 1.5, 5.5]},
			"faces": {
				"north": {"uv": [0.5, 15, 1, 15.5], "texture": "#0"},
				"south": {"uv": [0.5, 15, 1, 15.5], "texture": "#0"}
			}
		},
		{
			"from": [9, 1.5, 8],
			"to": [10, 2.5, 9],
			"rotation": {"angle": 45, "axis": "z", "origin": [5.5, 1.5, 5.5]},
			"faces": {
				"north": {"uv": [1, 14, 1.5, 14.5], "texture": "#0"},
				"south": {"uv": [1, 14, 1.5, 14.5], "texture": "#0"}
			}
		},
		{
			"from": [7, 0.5, 8],
			"to": [8, 1.5, 9],
			"rotation": {"angle": 45, "axis": "z", "origin": [5.5, 1.5, 5.5]},
			"faces": {
				"north": {"uv": [1.5, 14.5, 2, 15], "texture": "#0"},
				"south": {"uv": [1.5, 14.5, 2, 15], "texture": "#0"},
				"up": {"uv": [1.5, 14.5, 2, 15], "texture": "#0"}
			}
		},
		{
			"from": [8, 1.5, 8],
			"to": [9, 2.5, 9],
			"rotation": {"angle": 45, "axis": "z", "origin": [5.5, 1.5, 5.5]},
			"faces": {
				"north": {"uv": [1.5, 14.5, 2, 15], "texture": "#0"},
				"south": {"uv": [1.5, 14.5, 2, 15], "texture": "#0"},
				"up": {"uv": [1.5, 14.5, 2, 15], "texture": "#0"}
			}
		},
		{
			"from": [9, 2.5, 8],
			"to": [10, 3.5, 9],
			"rotation": {"angle": 45, "axis": "z", "origin": [5.5, 1.5, 5.5]},
			"faces": {
				"north": {"uv": [1.5, 14.5, 2, 15], "texture": "#0"},
				"south": {"uv": [1.5, 14.5, 2, 15], "texture": "#0"}
			}
		},
		{
			"from": [9, 3.5, 8],
			"to": [10, 8.5, 9],
			"rotation": {"angle": 45, "axis": "z", "origin": [5.5, 1.5, 5.5]},
			"faces": {
				"north": {"uv": [15.5, 15.5, 16, 16], "texture": "#0"},
				"south": {"uv": [15.5, 15.5, 16, 16], "texture": "#0"},
				"up": {"uv": [15.5, 15.5, 16, 16], "texture": "#0"}
			}
		},
		{
			"from": [11, 3.5, 8],
			"to": [12, 8.5, 9],
			"rotation": {"angle": 45, "axis": "z", "origin": [5.5, 1.5, 5.5]},
			"faces": {
				"north": {"uv": [15.5, 15.5, 16, 16], "texture": "#0"},
				"east": {"uv": [15.5, 15.5, 16, 16], "texture": "#0"},
				"south": {"uv": [15.5, 15.5, 16, 16], "texture": "#0"}
			}
		},
		{
			"from": [16, 2.5, 8],
			"to": [17, 4.5, 9],
			"rotation": {"angle": 45, "axis": "z", "origin": [5.5, 1.5, 5.5]},
			"faces": {
				"north": {"uv": [15, 15.5, 15.5, 16], "texture": "#0"},
				"east": {"uv": [15, 15.5, 15.5, 16], "texture": "#0"},
				"south": {"uv": [15, 15.5, 15.5, 16], "texture": "#0"},
				"up": {"uv": [15, 15.5, 15.5, 16], "texture": "#0"}
			}
		},
		{
			"from": [10, 8.5, 8],
			"to": [12, 9.5, 9],
			"rotation": {"angle": 45, "axis": "z", "origin": [5.5, 1.5, 5.5]},
			"faces": {
				"north": {"uv": [15.5, 15.5, 16, 16], "texture": "#0"},
				"east": {"uv": [15.5, 15.5, 16, 16], "texture": "#0"},
				"south": {"uv": [15.5, 15.5, 16, 16], "texture": "#0"},
				"up": {"uv": [15.5, 15.5, 16, 16], "texture": "#0"}
			}
		},
		{
			"from": [8, 0.5, 8],
			"to": [9, 1.5, 9],
			"rotation": {"angle": 45, "axis": "z", "origin": [5.5, 1.5, 5.5]},
			"faces": {
				"north": {"uv": [1, 14, 1.5, 14.5], "texture": "#0"},
				"south": {"uv": [1, 14, 1.5, 14.5], "texture": "#0"}
			}
		},
		{
			"from": [10, 2.5, 8],
			"to": [16, 3.5, 9],
			"rotation": {"angle": 45, "axis": "z", "origin": [5.5, 1.5, 5.5]},
			"faces": {
				"north": {"uv": [0.5, 14.5, 1, 15], "texture": "#0"},
				"south": {"uv": [0.5, 14.5, 1, 15], "texture": "#0"}
			}
		},
		{
			"from": [10, 3.5, 8],
			"to": [11, 8.5, 9],
			"rotation": {"angle": 45, "axis": "z", "origin": [5.5, 1.5, 5.5]},
			"faces": {
				"north": {"uv": [0.5, 15, 1, 15.5], "texture": "#0"},
				"south": {"uv": [0.5, 15, 1, 15.5], "texture": "#0"}
			}
		},
		{
			"from": [7, -1.5, 8],
			"to": [8, -0.5, 9],
			"rotation": {"angle": 45, "axis": "z", "origin": [5.5, 1.5, 5.5]},
			"faces": {
				"north": {"uv": [15, 15.5, 15.5, 16], "texture": "#0"},
				"east": {"uv": [15, 15.5, 15.5, 16], "texture": "#0"},
				"south": {"uv": [15, 15.5, 15.5, 16], "texture": "#0"}
			}
		},
		{
			"from": [8, -0.5, 8],
			"to": [9, 0.5, 9],
			"rotation": {"angle": 45, "axis": "z", "origin": [5.5, 1.5, 5.5]},
			"faces": {
				"north": {"uv": [1, 14.5, 1.5, 15], "texture": "#0"},
				"east": {"uv": [1, 14.5, 1.5, 15], "texture": "#0"},
				"south": {"uv": [1, 14.5, 1.5, 15], "texture": "#0"}
			}
		},
		{
			"from": [9, 0.5, 8],
			"to": [10, 1.5, 9],
			"rotation": {"angle": 45, "axis": "z", "origin": [5.5, 1.5, 5.5]},
			"faces": {
				"north": {"uv": [1, 14.5, 1.5, 15], "texture": "#0"},
				"east": {"uv": [1, 14.5, 1.5, 15], "texture": "#0"},
				"south": {"uv": [1, 14.5, 1.5, 15], "texture": "#0"}
			}
		},
		{
			"from": [10, 1.5, 8],
			"to": [11, 2.5, 9],
			"rotation": {"angle": 45, "axis": "z", "origin": [5.5, 1.5, 5.5]},
			"faces": {
				"north": {"uv": [1, 14.5, 1.5, 15], "texture": "#0"},
				"south": {"uv": [1, 14.5, 1.5, 15], "texture": "#0"}
			}
		},
		{
			"from": [11, 1.5, 8],
			"to": [16, 2.5, 9],
			"rotation": {"angle": 45, "axis": "z", "origin": [5.5, 1.5, 5.5]},
			"faces": {
				"north": {"uv": [15, 15.5, 15.5, 16], "texture": "#0"},
				"east": {"uv": [15, 15.5, 15.5, 16], "texture": "#0"},
				"south": {"uv": [15, 15.5, 15.5, 16], "texture": "#0"}
			}
		},
		{
			"from": [12, 3.5, 8],
			"to": [16, 4.5, 9],
			"rotation": {"angle": 45, "axis": "z", "origin": [5.5, 1.5, 5.5]},
			"faces": {
				"north": {"uv": [15, 15.5, 15.5, 16], "texture": "#0"},
				"south": {"uv": [15, 15.5, 15.5, 16], "texture": "#0"},
				"up": {"uv": [15, 15.5, 15.5, 16], "texture": "#0"}
			}
		}
	],
	"gui_light": "front",
	"display": {
		"thirdperson_righthand": {
			"rotation": [0, -180, 0],
			"translation": [-0.25, 3.5, 2]
		},
		"thirdperson_lefthand": {
			"rotation": [0, -180, 0],
			"translation": [-0.25, 3.5, 2]
		},
		"firstperson_righthand": {
			"rotation": [15, 175, 0],
			"translation": [1, 3, 1],
			"scale": [0.75, 0.75, 0.75]
		},
		"firstperson_lefthand": {
			"rotation": [15, 135, 0],
			"translation": [1, 3, 1],
			"scale": [0.75, 0.75, 0.75]
		},
		"ground": {
			"translation": [-3, -3, 0],
			"scale": [1.25, 1.25, 1.25]
		},
		"gui": {
			"rotation": [-90, 0, 0],
			"scale": [4, 4, 4]
		},
		"head": {
			"rotation": [-25, 90, 25],
			"translation": [8, -6, 2],
			"scale": [1.5, 1.5, 1.5]
		},
		"fixed": {
			"translation": [-3, -12, -1.5],
			"scale": [2, 2, 2]
		}
	}
}