{
	"credit": "Made with Blockbench",
	"texture_size": [64, 64],
	"textures": {
		"2": "star_device-activefire",
		"3": "star_device-active",
		"4": "block/custom/light_strike/star_device",
		"particle": "star_device-active"
	},
	"elements": [
		{
			"from": [1.5, 4.75, 16.6],
			"to": [14.5, 11.75, 16.6],
			"rotation": {"angle": -22.5, "axis": "x", "origin": [8, 5.75, 14.6]},
			"faces": {
				"north": {"uv": [2.75, 4, 5, 5], "texture": "#3"},
				"east": {"uv": [0.25, 4, 2.5, 5], "texture": "#3"},
				"south": {"uv": [0.25, 4, 2.5, 5], "texture": "#3"},
				"west": {"uv": [0.25, 4, 2.5, 5], "texture": "#3"},
				"up": {"uv": [5, 3.75, 3, 3], "texture": "#3"},
				"down": {"uv": [2.5, 6.25, 0.25, 8.5], "texture": "#3"}
			}
		},
		{
			"from": [1.5, 0.2, 16.375],
			"to": [14.5, 6.25, 16.375],
			"rotation": {"angle": 22.5, "axis": "x", "origin": [8, 4.825, 14.975]},
			"faces": {
				"north": {"uv": [2.75, 5, 5, 6], "texture": "#3"},
				"east": {"uv": [0.25, 5, 2.5, 6], "texture": "#3"},
				"south": {"uv": [0.25, 5, 2.5, 6], "texture": "#3"},
				"west": {"uv": [0.25, 5, 2.5, 6], "texture": "#3"},
				"up": {"uv": [5, 3.75, 3, 3], "texture": "#3"},
				"down": {"uv": [2.5, 6.25, 0.25, 8.5], "texture": "#3"}
			}
		},
		{
			"from": [15.625, -0.24087, 1.4907],
			"to": [15.625, 5.85913, 14.4907],
			"rotation": {"angle": -22.5, "axis": "z", "origin": [15.625, 2.85913, 7.9907]},
			"faces": {
				"north": {"uv": [0.25, 5, 2.5, 6], "texture": "#3"},
				"east": {"uv": [0.25, 5, 2.5, 6], "texture": "#3"},
				"south": {"uv": [0.25, 5, 2.5, 6], "texture": "#3"},
				"west": {"uv": [2.75, 5, 5, 6], "texture": "#3"},
				"up": {"uv": [5, 3.75, 3, 3], "rotation": 90, "texture": "#3"},
				"down": {"uv": [2.5, 6.25, 0.25, 8.5], "rotation": 270, "texture": "#3"}
			}
		},
		{
			"from": [15.25, 5.28701, 1.49971],
			"to": [15.25, 12.28701, 14.49971],
			"rotation": {"angle": 22.5, "axis": "z", "origin": [15.25, 9.28701, 7.99971]},
			"faces": {
				"north": {"uv": [0.25, 4, 2.5, 5], "texture": "#3"},
				"east": {"uv": [0.25, 4, 2.5, 5], "texture": "#3"},
				"south": {"uv": [0.25, 4, 2.5, 5], "texture": "#3"},
				"west": {"uv": [2.75, 4, 5, 5], "texture": "#3"},
				"up": {"uv": [5, 3.75, 3, 3], "rotation": 90, "texture": "#3"},
				"down": {"uv": [2.5, 6.25, 0.25, 8.5], "rotation": 270, "texture": "#3"}
			}
		},
		{
			"from": [0.75, 5.28701, 1.49971],
			"to": [0.75, 12.28701, 14.49971],
			"rotation": {"angle": -22.5, "axis": "z", "origin": [0.75, 9.28701, 7.99971]},
			"faces": {
				"north": {"uv": [0.25, 4, 2.5, 5], "texture": "#3"},
				"east": {"uv": [2.75, 4, 5, 5], "texture": "#3"},
				"south": {"uv": [0.25, 4, 2.5, 5], "texture": "#3"},
				"west": {"uv": [0.25, 4, 2.5, 5], "texture": "#3"},
				"up": {"uv": [5, 3.75, 3, 3], "rotation": 90, "texture": "#3"},
				"down": {"uv": [2.5, 6.25, 0.25, 8.5], "rotation": 270, "texture": "#3"}
			}
		},
		{
			"from": [0.375, -0.24087, 1.4907],
			"to": [0.375, 5.85913, 14.4907],
			"rotation": {"angle": 22.5, "axis": "z", "origin": [0.375, 2.85913, 7.9907]},
			"faces": {
				"north": {"uv": [0.25, 5, 2.5, 6], "texture": "#3"},
				"east": {"uv": [2.75, 5, 5, 6], "texture": "#3"},
				"south": {"uv": [0.25, 5, 2.5, 6], "texture": "#3"},
				"west": {"uv": [0.25, 5, 2.5, 6], "texture": "#3"},
				"up": {"uv": [5, 3.75, 3, 3], "rotation": 90, "texture": "#3"},
				"down": {"uv": [2.5, 6.25, 0.25, 8.5], "rotation": 270, "texture": "#3"}
			}
		},
		{
			"from": [1.55, 5.28701, 0.69971],
			"to": [14.45, 12.28701, 0.69971],
			"rotation": {"angle": 22.5, "axis": "x", "origin": [8, 9.28701, 0.69971]},
			"faces": {
				"north": {"uv": [0.25, 4, 2.5, 5], "texture": "#3"},
				"east": {"uv": [0.25, 4, 2.5, 5], "texture": "#3"},
				"south": {"uv": [2.75, 4, 5, 5], "texture": "#3"},
				"west": {"uv": [0.25, 4, 2.5, 5], "texture": "#3"},
				"up": {"uv": [5, 3.75, 3, 3], "texture": "#3"},
				"down": {"uv": [2.5, 6.25, 0.25, 8.5], "texture": "#3"}
			}
		},
		{
			"from": [1.55, -0.24087, 0.3157],
			"to": [14.45, 5.83413, 0.3157],
			"rotation": {"angle": -22.5, "axis": "x", "origin": [8, 2.83413, 0.3157]},
			"faces": {
				"north": {"uv": [0.25, 5, 2.5, 6], "texture": "#3"},
				"east": {"uv": [0.25, 5, 2.5, 6], "texture": "#3"},
				"south": {"uv": [2.75, 5, 5, 6], "texture": "#3"},
				"west": {"uv": [0.25, 5, 2.5, 6], "texture": "#3"},
				"up": {"uv": [5, 3.75, 3, 3], "texture": "#3"},
				"down": {"uv": [2.5, 6.25, 0.25, 8.5], "texture": "#3"}
			}
		},
		{
			"from": [1.55, 0, 1.5],
			"to": [14.45, 0, 14.5],
			"rotation": {"angle": 0, "axis": "y", "origin": [8, 5.75, 8]},
			"faces": {
				"north": {"uv": [2.5, 6.25, 0.25, 8.5], "texture": "#3"},
				"east": {"uv": [2.5, 6.25, 0.25, 8.5], "texture": "#3"},
				"south": {"uv": [2.5, 6.25, 0.25, 8.5], "texture": "#3"},
				"west": {"uv": [2.5, 6.25, 0.25, 8.5], "texture": "#3"},
				"up": {"uv": [2.5, 6.25, 0.25, 8.5], "texture": "#3"},
				"down": {"uv": [2.5, 6.25, 0.25, 8.5], "texture": "#3"}
			}
		},
		{
			"from": [1.55, 0.025, 1.5],
			"to": [14.45, 0.025, 14.5],
			"rotation": {"angle": 0, "axis": "y", "origin": [8, 5.75, 8]},
			"faces": {
				"north": {"uv": [5, 6.25, 2.75, 8.5], "texture": "#3"},
				"east": {"uv": [5, 6.25, 2.75, 8.5], "texture": "#3"},
				"south": {"uv": [5, 6.25, 2.75, 8.5], "texture": "#3"},
				"west": {"uv": [5, 6.25, 2.75, 8.5], "texture": "#3"},
				"up": {"uv": [5, 6.25, 2.75, 8.5], "texture": "#3"},
				"down": {"uv": [5, 6.25, 2.75, 8.5], "texture": "#3"}
			}
		},
		{
			"from": [1.75, 0.1, 1.75],
			"to": [14.25, 3.1, 14.25],
			"rotation": {"angle": 0, "axis": "y", "origin": [8, 5.75, 8]},
			"faces": {
				"north": {"uv": [0.5, 10.25, 2.5, 11], "texture": "#3"},
				"east": {"uv": [0.5, 10.25, 2.5, 11], "texture": "#3"},
				"south": {"uv": [0.5, 10.25, 2.5, 11], "texture": "#3"},
				"west": {"uv": [0.5, 10.25, 2.5, 11], "texture": "#3"},
				"up": {"uv": [2.5, 11, 0.5, 9], "texture": "#3"},
				"down": {"uv": [2.5, 11, 0.5, 9], "texture": "#3"}
			}
		},
		{
			"from": [1, 12, 1],
			"to": [15, 15, 15],
			"rotation": {"angle": 0, "axis": "y", "origin": [8, 16.75, 8]},
			"faces": {
				"north": {"uv": [0.25, 3, 2.75, 3.5], "texture": "#4"},
				"east": {"uv": [0.25, 3, 2.75, 3.5], "texture": "#4"},
				"south": {"uv": [0.25, 3, 2.75, 3.5], "texture": "#4"},
				"west": {"uv": [0.25, 3, 2.75, 3.5], "texture": "#4"},
				"up": {"uv": [2.75, 2.75, 0.25, 0.25], "texture": "#4"},
				"down": {"uv": [5.5, 0.25, 3, 2.75], "texture": "#4"}
			}
		},
		{
			"from": [-0.25, 13.75, 4],
			"to": [9.75, 16.75, 12],
			"rotation": {"angle": -22.5, "axis": "z", "origin": [2.75, 16.25, 8]},
			"faces": {
				"east": {"uv": [7, 1.5, 8.25, 2], "texture": "#4"},
				"west": {"uv": [6.75, 1.5, 5.75, 2], "texture": "#4"},
				"up": {"uv": [5.75, 1.25, 7.25, 0.25], "texture": "#4"},
				"down": {"uv": [7.5, 0.25, 9, 1.25], "texture": "#4"}
			}
		},
		{
			"from": [-0.25, 13.75, 12],
			"to": [9.75, 16.75, 4],
			"rotation": {"angle": -22.5, "axis": "z", "origin": [2.75, 16.25, 8]},
			"faces": {
				"east": {"uv": [7, 1.5, 8.25, 2], "texture": "#4"},
				"west": {"uv": [5.75, 1.5, 6.75, 2], "texture": "#4"},
				"up": {"uv": [7.25, 1.25, 5.75, 0.25], "texture": "#4"},
				"down": {"uv": [7.5, 0.25, 9, 1.25], "texture": "#4"}
			}
		},
		{
			"from": [6.25, 13.75, 4],
			"to": [16.25, 16.75, 12],
			"rotation": {"angle": 22.5, "axis": "z", "origin": [13.25, 16.25, 8.75]},
			"faces": {
				"east": {"uv": [5.75, 1.5, 6.75, 2], "texture": "#4"},
				"west": {"uv": [7, 1.5, 8.25, 2], "texture": "#4"},
				"up": {"uv": [7.25, 1.25, 5.75, 0.25], "texture": "#4"},
				"down": {"uv": [9, 0.25, 7.5, 1.25], "texture": "#4"}
			}
		},
		{
			"from": [6.25, 13.75, 12],
			"to": [16.25, 16.75, 4],
			"rotation": {"angle": 22.5, "axis": "z", "origin": [13.25, 16.25, 8]},
			"faces": {
				"east": {"uv": [6.75, 1.5, 5.75, 2], "texture": "#4"},
				"west": {"uv": [7, 1.5, 8.25, 2], "texture": "#4"},
				"up": {"uv": [7.25, 1.25, 5.75, 0.25], "texture": "#4"},
				"down": {"uv": [9, 0.25, 7.5, 1.25], "texture": "#4"}
			}
		},
		{
			"from": [1.5, 0, 1.5],
			"to": [14.5, 12, 14.5],
			"rotation": {"angle": 0, "axis": "y", "origin": [8, 5.75, 8]},
			"faces": {
				"north": {"uv": [9.75, 0.25, 12, 2.25], "texture": "#3"},
				"east": {"uv": [9.75, 0.25, 12, 2.25], "texture": "#3"},
				"south": {"uv": [9.75, 0.25, 12, 2.25], "texture": "#3"},
				"west": {"uv": [9.75, 0.25, 12, 2.25], "texture": "#3"},
				"up": {"uv": [9, 2.25, 7, 1.5], "texture": "#3"},
				"down": {"uv": [12, 2.5, 9.75, 4.75], "texture": "#3"}
			}
		},
		{
			"from": [9.25, 0.725, 2.7],
			"to": [13.25, 10.725, 2.7],
			"rotation": {"angle": 22.5, "axis": "x", "origin": [13.25, 14.25, 6]},
			"faces": {
				"north": {"uv": [14, 1, 12.75, 0.5], "rotation": 90, "texture": "#3"},
				"south": {"uv": [15.75, 1, 14.5, 0.5], "rotation": 90, "texture": "#3"},
				"up": {"uv": [7, 1.5, 8.25, 2], "texture": "#3"},
				"down": {"uv": [5.75, 1.5, 6.75, 2], "rotation": 180, "texture": "#3"}
			}
		},
		{
			"from": [11.25, 1.09351, -2.60728],
			"to": [13.25, 3.09351, -2.60728],
			"rotation": {"angle": 22.5, "axis": "x", "origin": [12.25, 2.09351, -2.60728]},
			"faces": {
				"north": {"uv": [12.75, 0.75, 12.5, 0.5], "rotation": 90, "texture": "#3"},
				"south": {"uv": [14, 0.75, 13.75, 0.5], "rotation": 90, "texture": "#3"},
				"up": {"uv": [7, 1.5, 8.25, 2], "texture": "#3"},
				"down": {"uv": [5.75, 1.5, 6.75, 2], "rotation": 180, "texture": "#3"}
			}
		},
		{
			"from": [10.75, 1.01851, -3.38228],
			"to": [13.75, 5.01851, -3.38228],
			"rotation": {"angle": -22.5, "axis": "x", "origin": [12.25, 2.09351, -3.60728]},
			"faces": {
				"north": {"uv": [1.5, 15.5, 0, 13.5], "rotation": 180, "texture": "#3"},
				"east": {"uv": [5.75, 1.5, 6.75, 2], "rotation": 90, "texture": "#3"},
				"south": {"uv": [0, 15.5, 1.5, 13.5], "rotation": 180, "texture": "#3"},
				"west": {"uv": [7, 1.5, 8.25, 2], "rotation": 270, "texture": "#3"}
			}
		},
		{
			"from": [9.25, 2.725, 2.7],
			"to": [13.25, 10.725, 2.7],
			"rotation": {"angle": 22.5, "axis": "x", "origin": [13.25, 14.25, 6]},
			"faces": {
				"north": {"uv": [14, 2.25, 13, 1.75], "rotation": 90, "texture": "#3"},
				"south": {"uv": [15.75, 2.25, 14.75, 1.75], "rotation": 90, "texture": "#3"},
				"up": {"uv": [7, 1.5, 8.25, 2], "texture": "#3"},
				"down": {"uv": [5.75, 1.5, 6.75, 2], "rotation": 180, "texture": "#3"}
			}
		},
		{
			"from": [11.25, 0.725, 2.7],
			"to": [13.25, 2.725, 2.7],
			"rotation": {"angle": 22.5, "axis": "x", "origin": [13.25, 14.25, 6]},
			"faces": {
				"north": {"uv": [13, 2, 12.75, 1.75], "rotation": 90, "texture": "#3"},
				"south": {"uv": [14, 2, 13.75, 1.75], "rotation": 90, "texture": "#3"},
				"up": {"uv": [7, 1.5, 8.25, 2], "texture": "#3"},
				"down": {"uv": [5.75, 1.5, 6.75, 2], "rotation": 180, "texture": "#3"}
			}
		},
		{
			"from": [10.75, 2.41851, -1.98228],
			"to": [13.75, 6.41851, -1.98228],
			"rotation": {"angle": -22.5, "axis": "x", "origin": [12.25, 2.09351, -3.60728]},
			"faces": {
				"north": {"uv": [2.75, 15.5, 1.25, 13.5], "rotation": 180, "texture": "#3"},
				"east": {"uv": [5.75, 1.5, 6.75, 2], "rotation": 90, "texture": "#3"},
				"south": {"uv": [1.25, 15.5, 2.75, 13.5], "rotation": 180, "texture": "#3"},
				"west": {"uv": [7, 1.5, 8.25, 2], "rotation": 270, "texture": "#3"}
			}
		},
		{
			"from": [9.25, 4.725, 2.7],
			"to": [13.25, 10.725, 2.7],
			"rotation": {"angle": 22.5, "axis": "x", "origin": [13.25, 14.25, 6]},
			"faces": {
				"north": {"uv": [14, 3.5, 13.25, 3], "rotation": 90, "texture": "#3"},
				"south": {"uv": [15.75, 3.5, 15, 3], "rotation": 90, "texture": "#3"},
				"up": {"uv": [7, 1.5, 8.25, 2], "texture": "#3"},
				"down": {"uv": [5.75, 1.5, 6.75, 2], "rotation": 180, "texture": "#3"}
			}
		},
		{
			"from": [11.25, 2.725, 2.7],
			"to": [13.25, 4.725, 2.7],
			"rotation": {"angle": 22.5, "axis": "x", "origin": [13.25, 14.25, 6]},
			"faces": {
				"north": {"uv": [13.25, 3.25, 13, 3], "rotation": 90, "texture": "#3"},
				"south": {"uv": [14, 3.25, 13.75, 3], "rotation": 90, "texture": "#3"},
				"up": {"uv": [7, 1.5, 8.25, 2], "texture": "#3"},
				"down": {"uv": [5.75, 1.5, 6.75, 2], "rotation": 180, "texture": "#3"}
			}
		},
		{
			"from": [10.75, 3.84351, -0.55728],
			"to": [13.75, 7.84351, -0.55728],
			"rotation": {"angle": -22.5, "axis": "x", "origin": [12.25, 2.09351, -3.60728]},
			"faces": {
				"north": {"uv": [4, 15.5, 2.5, 13.5], "rotation": 180, "texture": "#3"},
				"east": {"uv": [5.75, 1.5, 6.75, 2], "rotation": 90, "texture": "#3"},
				"south": {"uv": [2.5, 15.5, 4, 13.5], "rotation": 180, "texture": "#3"},
				"west": {"uv": [7, 1.5, 8.25, 2], "rotation": 270, "texture": "#3"}
			}
		},
		{
			"from": [9.25, 6.725, 2.7],
			"to": [13.25, 10.725, 2.7],
			"rotation": {"angle": 22.5, "axis": "x", "origin": [13.25, 14.25, 6]},
			"faces": {
				"north": {"uv": [14, 4.75, 13.5, 4.25], "rotation": 90, "texture": "#3"},
				"south": {"uv": [15.75, 4.75, 15.25, 4.25], "rotation": 90, "texture": "#3"},
				"up": {"uv": [7, 1.5, 8.25, 2], "texture": "#3"},
				"down": {"uv": [5.75, 1.5, 6.75, 2], "rotation": 180, "texture": "#3"}
			}
		},
		{
			"from": [11.25, 4.725, 2.7],
			"to": [13.25, 6.725, 2.7],
			"rotation": {"angle": 22.5, "axis": "x", "origin": [13.25, 14.25, 6]},
			"faces": {
				"north": {"uv": [13.5, 4.5, 13.25, 4.25], "rotation": 90, "texture": "#3"},
				"south": {"uv": [14, 4.5, 13.75, 4.25], "rotation": 90, "texture": "#3"},
				"up": {"uv": [7, 1.5, 8.25, 2], "texture": "#3"},
				"down": {"uv": [5.75, 1.5, 6.75, 2], "rotation": 180, "texture": "#3"}
			}
		},
		{
			"from": [10.75, 5.24351, 0.84272],
			"to": [13.75, 9.24351, 0.84272],
			"rotation": {"angle": -22.5, "axis": "x", "origin": [12.25, 2.09351, -3.60728]},
			"faces": {
				"north": {"uv": [5.25, 15.5, 3.75, 13.5], "rotation": 180, "texture": "#3"},
				"east": {"uv": [5.75, 1.5, 6.75, 2], "rotation": 90, "texture": "#3"},
				"south": {"uv": [3.75, 15.5, 5.25, 13.5], "rotation": 180, "texture": "#3"},
				"west": {"uv": [7, 1.5, 8.25, 2], "rotation": 270, "texture": "#3"}
			}
		},
		{
			"from": [9.25, 8.725, 2.7],
			"to": [13.25, 10.725, 2.7],
			"rotation": {"angle": 22.5, "axis": "x", "origin": [13.25, 14.25, 6]},
			"faces": {
				"north": {"uv": [14, 6, 13.75, 5.5], "rotation": 90, "texture": "#3"},
				"south": {"uv": [15.75, 6, 15.5, 5.5], "rotation": 90, "texture": "#3"},
				"up": {"uv": [7, 1.5, 8.25, 2], "texture": "#3"},
				"down": {"uv": [5.75, 1.5, 6.75, 2], "rotation": 180, "texture": "#3"}
			}
		},
		{
			"from": [11.25, 6.725, 2.7],
			"to": [13.25, 8.725, 2.7],
			"rotation": {"angle": 22.5, "axis": "x", "origin": [13.25, 14.25, 6]},
			"faces": {
				"north": {"uv": [13.75, 5.75, 13.5, 5.5], "rotation": 90, "texture": "#3"},
				"south": {"uv": [14, 5.75, 13.75, 5.5], "rotation": 90, "texture": "#3"},
				"up": {"uv": [7, 1.5, 8.25, 2], "texture": "#3"},
				"down": {"uv": [5.75, 1.5, 6.75, 2], "rotation": 180, "texture": "#3"}
			}
		},
		{
			"from": [10.75, 6.66851, 2.26772],
			"to": [13.75, 10.66851, 2.26772],
			"rotation": {"angle": -22.5, "axis": "x", "origin": [12.25, 2.09351, -3.60728]},
			"faces": {
				"north": {"uv": [6.5, 15.5, 5, 13.5], "rotation": 180, "texture": "#3"},
				"east": {"uv": [5.75, 1.5, 6.75, 2], "rotation": 90, "texture": "#3"},
				"south": {"uv": [5, 15.5, 6.5, 13.5], "rotation": 180, "texture": "#3"},
				"west": {"uv": [7, 1.5, 8.25, 2], "rotation": 270, "texture": "#3"}
			}
		},
		{
			"from": [11.25, 8.725, 2.7],
			"to": [13.25, 10.725, 2.7],
			"rotation": {"angle": 22.5, "axis": "x", "origin": [13.25, 14.25, 6]},
			"faces": {
				"north": {"uv": [14, 7, 13.75, 6.75], "rotation": 90, "texture": "#3"},
				"south": {"uv": [14, 7, 13.75, 6.75], "rotation": 90, "texture": "#3"},
				"up": {"uv": [7, 1.5, 8.25, 2], "texture": "#3"},
				"down": {"uv": [5.75, 1.5, 6.75, 2], "rotation": 180, "texture": "#3"}
			}
		},
		{
			"from": [10.75, 8.06851, 3.66772],
			"to": [13.75, 12.06851, 3.66772],
			"rotation": {"angle": -22.5, "axis": "x", "origin": [12.25, 2.09351, -3.60728]},
			"faces": {
				"north": {"uv": [7.75, 15.5, 6.25, 13.5], "rotation": 180, "texture": "#3"},
				"east": {"uv": [5.75, 1.5, 6.75, 2], "rotation": 90, "texture": "#3"},
				"south": {"uv": [6.25, 15.5, 7.75, 13.5], "rotation": 180, "texture": "#3"},
				"west": {"uv": [7, 1.5, 8.25, 2], "rotation": 270, "texture": "#3"}
			}
		},
		{
			"from": [2, 3.60913, 1.5657],
			"to": [14, 12.60913, 1.5657],
			"rotation": {"angle": 22.5, "axis": "x", "origin": [8, 2.83413, 0.3157]},
			"faces": {
				"north": {"uv": [0, 0, 16, 16], "texture": "#2"},
				"east": {"uv": [0, 0, 1, 1], "texture": "#2"},
				"south": {"uv": [0, 0, 16, 16], "texture": "#2"},
				"west": {"uv": [0, 0, 1, 1], "texture": "#2"},
				"up": {"uv": [0, 0, 1, 1], "texture": "#2"},
				"down": {"uv": [0, 0, 1, 1], "texture": "#2"}
			}
		},
		{
			"from": [2, 2.72924, 12.48921],
			"to": [14, 11.72924, 12.48921],
			"rotation": {"angle": -22.5, "axis": "x", "origin": [8, 7.22924, 12.48921]},
			"faces": {
				"north": {"uv": [0, 0, 16, 16], "texture": "#2"},
				"east": {"uv": [0, 0, 1, 1], "texture": "#2"},
				"south": {"uv": [0, 0, 16, 16], "texture": "#2"},
				"west": {"uv": [0, 0, 1, 1], "texture": "#2"},
				"up": {"uv": [0, 0, 1, 1], "texture": "#2"},
				"down": {"uv": [0, 0, 1, 1], "texture": "#2"}
			}
		},
		{
			"from": [12.5, 2.72924, 1.98921],
			"to": [12.5, 11.72924, 13.98921],
			"rotation": {"angle": 22.5, "axis": "z", "origin": [12.5, 7.22924, 7.98921]},
			"faces": {
				"north": {"uv": [0, 0, 1, 1], "texture": "#2"},
				"east": {"uv": [0, 0, 16, 16], "texture": "#2"},
				"south": {"uv": [0, 0, 1, 1], "texture": "#2"},
				"west": {"uv": [0, 0, 16, 16], "texture": "#2"},
				"up": {"uv": [0, 0, 1, 1], "rotation": 270, "texture": "#2"},
				"down": {"uv": [0, 0, 1, 1], "rotation": 90, "texture": "#2"}
			}
		},
		{
			"from": [3.5, 2.72924, 1.98921],
			"to": [3.5, 11.72924, 13.98921],
			"rotation": {"angle": -22.5, "axis": "z", "origin": [3.5, 7.22924, 7.98921]},
			"faces": {
				"north": {"uv": [0, 0, 1, 1], "texture": "#2"},
				"east": {"uv": [0, 0, 16, 16], "texture": "#2"},
				"south": {"uv": [0, 0, 1, 1], "texture": "#2"},
				"west": {"uv": [0, 0, 16, 16], "texture": "#2"},
				"up": {"uv": [0, 0, 1, 1], "rotation": 270, "texture": "#2"},
				"down": {"uv": [0, 0, 1, 1], "rotation": 90, "texture": "#2"}
			}
		}
	],
	"display": {
		"head": {
			"translation": [0, -30.4, 0],
			"scale": [1.6, 1.6, 1.6]
		}
	},
	"groups": [
		{
			"name": "box8",
			"origin": [8, 5.75, 8],
			"color": 0,
			"children": [0, 1, 2, 3, 4, 5, 6, 7, 8, 9, 10]
		},
		{
			"name": "bow2",
			"origin": [8, 8, 8],
			"color": 0,
			"children": [
				11,
				{
					"name": "bowright",
					"origin": [12.25, 12, 8],
					"color": 0,
					"children": [12, 13]
				},
				{
					"name": "bowleft",
					"origin": [12.25, 12, 8],
					"color": 0,
					"children": [14, 15]
				}
			]
		},
		{
			"name": "box1-7",
			"origin": [8, 8, 8],
			"color": 0,
			"children": [16]
		},
		{
			"name": "fuse1",
			"origin": [8, 8, 8],
			"color": 0,
			"children": [17, 18, 19]
		},
		{
			"name": "fuse2",
			"origin": [8, 8, 8],
			"color": 0,
			"children": [20, 21, 22]
		},
		{
			"name": "fuse3",
			"origin": [8, 8, 8],
			"color": 0,
			"children": [23, 24, 25]
		},
		{
			"name": "fuse4",
			"origin": [8, 8, 8],
			"color": 0,
			"children": [26, 27, 28]
		},
		{
			"name": "fuse5",
			"origin": [8, 8, 8],
			"color": 0,
			"children": [29, 30, 31]
		},
		{
			"name": "fuse6",
			"origin": [8, 8, 8],
			"color": 0,
			"children": [32, 33]
		},
		{
			"name": "fire",
			"origin": [8, 8, 8],
			"color": 0,
			"children": [34, 35, 36, 37]
		}
	]
}