{
	"credit": "Made with Blockbench",
	"texture_size": [64, 64],
	"textures": {
		"0": "block/custom/light_strike/star_device",
		"particle": "block/custom/light_strike/star_device"
	},
	"elements": [
		{
			"from": [3.5, 3, 3.5],
			"to": [12.5, 11, 12.5],
			"rotation": {"angle": 0, "axis": "y", "origin": [8, 8.75, 8]},
			"faces": {
				"north": {"uv": [0.25, 4, 2.5, 6], "texture": "#0"},
				"east": {"uv": [0.25, 4, 2.5, 6], "texture": "#0"},
				"south": {"uv": [0.25, 4, 2.5, 6], "texture": "#0"},
				"west": {"uv": [0.25, 4, 2.5, 6], "texture": "#0"},
				"up": {"uv": [5, 3.75, 3, 3], "texture": "#0"},
				"down": {"uv": [2.5, 6.25, 0.25, 8.5], "texture": "#0"}
			}
		},
		{
			"from": [1.75, 1.75, 3],
			"to": [3.75, 11.75, 13],
			"rotation": {"angle": -22.5, "axis": "z", "origin": [8, 8.75, 8]},
			"faces": {
				"north": {"uv": [0.25, 3, 2.75, 3.5], "rotation": 270, "texture": "#0"},
				"east": {"uv": [5.5, 0.25, 3, 2.75], "rotation": 270, "texture": "#0"},
				"south": {"uv": [0.25, 3, 2.75, 3.5], "rotation": 270, "texture": "#0"},
				"west": {"uv": [2.75, 2.75, 0.25, 0.25], "rotation": 270, "texture": "#0"},
				"up": {"uv": [0.25, 3, 2.75, 3.5], "rotation": 270, "texture": "#0"},
				"down": {"uv": [0.25, 3, 2.75, 3.5], "rotation": 270, "texture": "#0"}
			}
		},
		{
			"from": [3.75, 3.75, 3.75],
			"to": [12.25, 6.75, 12.25],
			"rotation": {"angle": 0, "axis": "z", "origin": [8, 8.75, 8]},
			"faces": {
				"north": {"uv": [0.5, 10.25, 2.5, 11], "texture": "#0"},
				"east": {"uv": [0.5, 10.25, 2.5, 11], "texture": "#0"},
				"south": {"uv": [0.5, 10.25, 2.5, 11], "texture": "#0"},
				"west": {"uv": [0.5, 10.25, 2.5, 11], "texture": "#0"},
				"up": {"uv": [2.5, 11, 0.5, 9], "texture": "#0"},
				"down": {"uv": [2.5, 11, 0.5, 9], "texture": "#0"}
			}
		},
		{
			"from": [12.5, 3, 3.5],
			"to": [3.5, 11, 12.5],
			"rotation": {"angle": 0, "axis": "y", "origin": [8, 8.75, 8]},
			"faces": {
				"north": {"uv": [2.75, 4, 5, 6], "texture": "#0"},
				"east": {"uv": [2.75, 4, 5, 6], "texture": "#0"},
				"south": {"uv": [2.75, 4, 5, 6], "texture": "#0"},
				"west": {"uv": [2.75, 4, 5, 6], "texture": "#0"},
				"up": {"uv": [5, 3.75, 3, 3], "texture": "#0"},
				"down": {"uv": [5, 6.25, 2.75, 8.5], "texture": "#0"}
			}
		},
		{
			"from": [3.05, 5.65, 6],
			"to": [3.05, 11.655, 10],
			"rotation": {"angle": -22.5, "axis": "z", "origin": [2.75, 13.25, 8]},
			"faces": {
				"east": {"uv": [7.5, 0.25, 9, 1.25], "rotation": 270, "texture": "#0"},
				"west": {"uv": [5.75, 1.25, 7.25, 0.25], "rotation": 270, "texture": "#0"},
				"up": {"uv": [7, 1.5, 8.25, 2], "rotation": 270, "texture": "#0"},
				"down": {"uv": [6.75, 1.5, 5.75, 2], "rotation": 270, "texture": "#0"}
			}
		},
		{
			"from": [3.05, 11.65, 6],
			"to": [3.05, 14.155, 10],
			"rotation": {"angle": -22.5, "axis": "z", "origin": [2.75, 13.25, 8]},
			"faces": {
				"east": {"uv": [7.5, 0.25, 9, 1.25], "rotation": 90, "texture": "#0"},
				"west": {"uv": [8.125, 1.25, 7.5, 0.25], "rotation": 90, "texture": "#0"},
				"up": {"uv": [6.75, 1.5, 5.75, 2], "rotation": 270, "texture": "#0"},
				"down": {"uv": [7, 1.5, 8.25, 2], "rotation": 270, "texture": "#0"}
			}
		},
		{
			"from": [3.05, 14.15, 6],
			"to": [6.558, 14.15, 10],
			"rotation": {"angle": -22.5, "axis": "z", "origin": [2.75, 13.25, 8]},
			"faces": {
				"east": {"uv": [6.75, 1.5, 5.75, 2], "texture": "#0"},
				"west": {"uv": [7, 1.5, 8.25, 2], "texture": "#0"},
				"up": {"uv": [9, 1.25, 8.125, 0.25], "rotation": 180, "texture": "#0"},
				"down": {"uv": [7.5, 0.25, 9, 1.25], "rotation": 180, "texture": "#0"}
			}
		},
		{
			"from": [6.45292, 11.86193, 6],
			"to": [10.45792, 11.86193, 10],
			"rotation": {"angle": -22.5, "axis": "z", "origin": [8.45292, 11.86193, 8]},
			"faces": {
				"east": {"uv": [6.75, 1.5, 5.75, 2], "texture": "#0"},
				"west": {"uv": [7, 1.5, 8.25, 2], "texture": "#0"},
				"up": {"uv": [7.5, 1.25, 9, 0.25], "rotation": 180, "texture": "#0"},
				"down": {"uv": [7.5, 0.25, 9, 1.25], "rotation": 180, "texture": "#0"}
			}
		},
		{
			"from": [10.3, 11.097, 6],
			"to": [12.5, 11.097, 10],
			"rotation": {"angle": 0, "axis": "z", "origin": [12.14843, 10.33119, 8]},
			"faces": {
				"east": {"uv": [6.75, 1.5, 5.75, 2], "texture": "#0"},
				"west": {"uv": [7, 1.5, 8.25, 2], "texture": "#0"},
				"up": {"uv": [6.7, 1.25, 7.25, 0.25], "rotation": 180, "texture": "#0"},
				"down": {"uv": [7.5, 0.25, 9, 1.25], "rotation": 180, "texture": "#0"}
			}
		},
		{
			"from": [12.76424, 8.70463, 6],
			"to": [12.76424, 10.90463, 10],
			"rotation": {"angle": 22.5, "axis": "z", "origin": [12.14843, 10.33119, 8]},
			"faces": {
				"east": {"uv": [5.75, 1.25, 6.7, 0.25], "rotation": 270, "texture": "#0"},
				"west": {"uv": [7.5, 0.25, 9, 1.25], "rotation": 270, "texture": "#0"},
				"up": {"uv": [7, 1.5, 8.25, 2], "rotation": 90, "texture": "#0"},
				"down": {"uv": [6.75, 1.5, 5.75, 2], "rotation": 90, "texture": "#0"}
			}
		},
		{
			"from": [13.34, 7.065, 7],
			"to": [13.34, 9.07, 9],
			"rotation": {"angle": 0, "axis": "z", "origin": [13.76078, 8.04783, 8]},
			"faces": {
				"east": {"uv": [6.5, 2, 6, 1.5], "rotation": 270, "texture": "#0"},
				"west": {"uv": [7.5, 0.25, 9, 1.25], "rotation": 270, "texture": "#0"},
				"up": {"uv": [7, 1.5, 8.25, 2], "rotation": 90, "texture": "#0"},
				"down": {"uv": [6.75, 1.5, 5.75, 2], "rotation": 90, "texture": "#0"}
			}
		},
		{
			"from": [10.25, 3.1, 3.6],
			"to": [12.25, 11.25, 3.6],
			"rotation": {"angle": 0, "axis": "y", "origin": [13.34, 8.0675, 4]},
			"faces": {
				"north": {"uv": [7.5, 0.25, 9, 1.25], "rotation": 270, "texture": "#0"},
				"south": {"uv": [5.75, 1, 7.25, 0.5], "rotation": 270, "texture": "#0"},
				"up": {"uv": [7, 1.5, 8.25, 2], "rotation": 180, "texture": "#0"},
				"down": {"uv": [6.75, 1.5, 5.75, 2], "texture": "#0"}
			}
		},
		{
			"from": [13.34, 6.065, 8],
			"to": [13.34, 7.065, 9],
			"rotation": {"angle": 0, "axis": "z", "origin": [13.76078, 8.04783, 8]},
			"faces": {
				"east": {"uv": [6.5, 2, 6.25, 1.75], "rotation": 270, "texture": "#0"},
				"west": {"uv": [6.5, 2, 6.25, 1.75], "rotation": 270, "texture": "#0"},
				"up": {"uv": [7, 1.5, 8.25, 2], "rotation": 90, "texture": "#0"},
				"down": {"uv": [6.75, 1.5, 5.75, 2], "rotation": 90, "texture": "#0"}
			}
		},
		{
			"from": [-1.06755, 4.34968, 7],
			"to": [-1.06755, 6.34968, 9],
			"rotation": {"angle": -22.5, "axis": "z", "origin": [-1.06755, 3.24968, 8]},
			"faces": {
				"east": {"uv": [6, 1.5, 6.5, 2], "rotation": 90, "texture": "#0"},
				"west": {"uv": [6, 2, 6.5, 1.5], "rotation": 90, "texture": "#0"},
				"up": {"uv": [6.75, 1.5, 5.75, 2], "rotation": 270, "texture": "#0"},
				"down": {"uv": [7, 1.5, 8.25, 2], "rotation": 270, "texture": "#0"}
			}
		},
		{
			"from": [-0.645, 3.27, 8],
			"to": [-0.645, 4.27, 9],
			"rotation": {"angle": 0, "axis": "z", "origin": [-0.30218, 5.09744, 8]},
			"faces": {
				"east": {"uv": [6.25, 2, 6.5, 1.75], "rotation": 90, "texture": "#0"},
				"west": {"uv": [6.25, 2, 6.5, 1.75], "rotation": 90, "texture": "#0"},
				"up": {"uv": [6.75, 1.5, 5.75, 2], "rotation": 270, "texture": "#0"},
				"down": {"uv": [7, 1.5, 8.25, 2], "rotation": 270, "texture": "#0"}
			}
		},
		{
			"from": [10.25, 4.725, 4.7],
			"to": [12.25, 9.725, 4.7],
			"rotation": {"angle": 22.5, "axis": "x", "origin": [13.25, 13.25, 8]},
			"faces": {
				"north": {"uv": [7.25, 1, 6, 0.5], "rotation": 90, "texture": "#0"},
				"south": {"uv": [9, 1, 7.75, 0.5], "rotation": 90, "texture": "#0"},
				"up": {"uv": [7, 1.5, 8.25, 2], "texture": "#0"},
				"down": {"uv": [5.75, 1.5, 6.75, 2], "rotation": 180, "texture": "#0"}
			}
		},
		{
			"from": [11.25, 2.725, 4.7],
			"to": [12.25, 4.725, 4.7],
			"rotation": {"angle": 22.5, "axis": "x", "origin": [13.25, 13.25, 8]},
			"faces": {
				"north": {"uv": [6, 0.75, 5.75, 0.5], "rotation": 90, "texture": "#0"},
				"south": {"uv": [7.25, 0.75, 7, 0.5], "rotation": 90, "texture": "#0"},
				"up": {"uv": [7, 1.5, 8.25, 2], "texture": "#0"},
				"down": {"uv": [5.75, 1.5, 6.75, 2], "rotation": 180, "texture": "#0"}
			}
		}
	],
	"gui_light": "front",
	"display": {
		"thirdperson_righthand": {
			"rotation": [90, 180, 0],
			"translation": [-1.25, 2.75, 1],
			"scale": [0.75, 0.75, 0.75]
		},
		"thirdperson_lefthand": {
			"rotation": [90, 0, 0],
			"translation": [0, 3.25, 1],
			"scale": [0.75, 0.75, 0.75]
		},
		"firstperson_righthand": {
			"rotation": [0, -180, -15],
			"translation": [-2.5, 3, 1],
			"scale": [0.75, 0.75, 0.75]
		},
		"firstperson_lefthand": {
			"rotation": [0, 0, 15],
			"translation": [-2.5, 3, 1],
			"scale": [0.75, 0.75, 0.75]
		},
		"ground": {
			"translation": [0, 3, 0]
		},
		"gui": {
			"rotation": [38, -135, 0],
			"translation": [-1.5, -0.25, 0],
			"scale": [0.95, 0.95, 0.95]
		},
		"head": {
			"translation": [0, -30.4, 0],
			"scale": [1.6, 1.6, 1.6]
		}
	},
	"groups": [
		{
			"name": "box",
			"origin": [8, 5.75, 8],
			"color": 0,
			"children": [0, 1, 2, 3]
		},
		{
			"name": "bow2",
			"origin": [8, 8, 8],
			"color": 0,
			"children": [
				{
					"name": "bowright",
					"origin": [12.25, 12, 8],
					"color": 0,
					"children": [4, 5, 6, 7, 8, 9, 10, 11, 12, 13, 14]
				},
				{
					"name": "bowleft",
					"origin": [12.25, 12, 8],
					"color": 0,
					"children": []
				}
			]
		},
		15,
		16
	]
}