{
	"credit": "Made with Blockbench",
	"texture_size": [64, 64],
	"textures": {
		"0": "block/custom/light_strike/star_device",
		"particle": "block/custom/light_strike/star_device"
	},
	"elements": [
		{
			"from": [1, 4, 1],
			"to": [15, 7, 15],
			"rotation": {"angle": 45, "axis": "y", "origin": [8, 8.75, 8]},
			"faces": {
				"north": {"uv": [0.25, 15, 2.75, 15.5], "texture": "#0"},
				"east": {"uv": [0.25, 15, 2.75, 15.5], "texture": "#0"},
				"south": {"uv": [0.25, 15, 2.75, 15.5], "texture": "#0"},
				"west": {"uv": [0.25, 15, 2.75, 15.5], "texture": "#0"},
				"up": {"uv": [2.75, 14.75, 0.25, 12.25], "texture": "#0"},
				"down": {"uv": [5.5, 12.25, 3, 14.75], "texture": "#0"}
			}
		},
		{
			"from": [-0.25, 5.75, 12],
			"to": [9.75, 8.75, 4],
			"rotation": {"angle": -22.5, "axis": "z", "origin": [2.75, 8.25, 8]},
			"faces": {
				"east": {"uv": [7, 13.5, 8.25, 14], "texture": "#0"},
				"west": {"uv": [5.75, 13.5, 6.75, 14], "texture": "#0"},
				"up": {"uv": [7.25, 13.25, 5.75, 12.25], "texture": "#0"},
				"down": {"uv": [7.5, 12.25, 9, 13.25], "texture": "#0"}
			}
		},
		{
			"from": [-0.25, 5.75, 4],
			"to": [9.75, 8.75, 12],
			"rotation": {"angle": -22.5, "axis": "z", "origin": [2.75, 8.25, 8]},
			"faces": {
				"east": {"uv": [7, 13.5, 8.25, 14], "texture": "#0"},
				"west": {"uv": [6.75, 13.5, 5.75, 14], "texture": "#0"},
				"up": {"uv": [5.75, 13.25, 7.25, 12.25], "texture": "#0"},
				"down": {"uv": [7.5, 12.25, 9, 13.25], "texture": "#0"}
			}
		},
		{
			"from": [6.25, 5.75, 12],
			"to": [16.25, 8.75, 4],
			"rotation": {"angle": 22.5, "axis": "z", "origin": [13.25, 8.25, 8]},
			"faces": {
				"east": {"uv": [6.75, 13.5, 5.75, 14], "texture": "#0"},
				"west": {"uv": [7, 13.5, 8.25, 14], "texture": "#0"},
				"up": {"uv": [7.25, 13.25, 5.75, 12.25], "texture": "#0"},
				"down": {"uv": [9, 12.25, 7.5, 13.25], "texture": "#0"}
			}
		},
		{
			"from": [6.25, 5.75, 4],
			"to": [16.25, 8.75, 12],
			"rotation": {"angle": 22.5, "axis": "z", "origin": [13.25, 8.25, 8]},
			"faces": {
				"east": {"uv": [5.75, 13.5, 6.75, 14], "texture": "#0"},
				"west": {"uv": [7, 13.5, 8.25, 14], "texture": "#0"},
				"up": {"uv": [7.25, 13.25, 5.75, 12.25], "texture": "#0"},
				"down": {"uv": [9, 12.25, 7.5, 13.25], "texture": "#0"}
			}
		}
	],
	"display": {
		"head": {
			"translation": [0, -30.4, 0],
			"scale": [1.6, 1.6, 1.6]
		}
	}
}