{
	"credit": "Made with Blockbench",
	"texture_size": [64, 64],
	"textures": {
		"1": "block/custom/light_strike/star_device-place",
		"2": "block/custom/light_strike/star_device",
		"particle": "block/custom/light_strike/star_device"
	},
	"elements": [
		{
			"name": "Outside",
			"from": [3.5, 0, 3.5],
			"to": [12.5, 8, 12.5],
			"rotation": {"angle": 0, "axis": "y", "origin": [8, 5.75, 8]},
			"faces": {
				"north": {"uv": [0.25, 4, 2.5, 6], "texture": "#2"},
				"east": {"uv": [0.25, 4, 2.5, 6], "texture": "#2"},
				"south": {"uv": [0.25, 4, 2.5, 6], "texture": "#2"},
				"west": {"uv": [0.25, 4, 2.5, 6], "texture": "#2"},
				"up": {"uv": [5, 3.75, 3, 3], "texture": "#2"},
				"down": {"uv": [2.5, 6.25, 0.25, 8.5], "texture": "#2"}
			}
		},
		{
			"name": "Inside",
			"from": [12.5, 0, 3.5],
			"to": [3.5, 8, 12.5],
			"rotation": {"angle": 0, "axis": "y", "origin": [8, 5.75, 8]},
			"faces": {
				"north": {"uv": [2.75, 4, 5, 6], "texture": "#2"},
				"east": {"uv": [2.75, 4, 5, 6], "texture": "#2"},
				"south": {"uv": [2.75, 4, 5, 6], "texture": "#2"},
				"west": {"uv": [2.75, 4, 5, 6], "texture": "#2"},
				"up": {"uv": [5, 3.75, 3, 3], "texture": "#2"},
				"down": {"uv": [5, 6.25, 2.75, 8.5], "texture": "#2"}
			}
		},
		{
			"name": "Coal",
			"from": [3.75, 0.75, 3.75],
			"to": [12.25, 3.75, 12.25],
			"rotation": {"angle": 0, "axis": "y", "origin": [8, 5.75, 8]},
			"faces": {
				"north": {"uv": [0.5, 10.25, 2.5, 11], "texture": "#2"},
				"east": {"uv": [0.5, 10.25, 2.5, 11], "texture": "#2"},
				"south": {"uv": [0.5, 10.25, 2.5, 11], "texture": "#2"},
				"west": {"uv": [0.5, 10.25, 2.5, 11], "texture": "#2"},
				"up": {"uv": [2.5, 11, 0.5, 9], "texture": "#2"},
				"down": {"uv": [2.5, 11, 0.5, 9], "texture": "#2"}
			}
		},
		{
			"name": "FuseMiddle",
			"from": [10.25, 1.725, 4.7],
			"to": [12.25, 6.725, 4.7],
			"rotation": {"angle": 22.5, "axis": "x", "origin": [13.25, 10.25, 8]},
			"faces": {
				"north": {"uv": [7.25, 1, 6, 0.5], "rotation": 90, "texture": "#2"},
				"south": {"uv": [9, 1, 7.75, 0.5], "rotation": 90, "texture": "#2"},
				"up": {"uv": [7, 1.5, 8.25, 2], "texture": "#2"},
				"down": {"uv": [5.75, 1.5, 6.75, 2], "rotation": 180, "texture": "#2"}
			}
		},
		{
			"name": "FuseEnd",
			"from": [11.25, -0.275, 4.7],
			"to": [12.25, 1.725, 4.7],
			"rotation": {"angle": 22.5, "axis": "x", "origin": [13.25, 10.25, 8]},
			"faces": {
				"north": {"uv": [6, 0.75, 5.75, 0.5], "rotation": 90, "texture": "#2"},
				"south": {"uv": [7.25, 0.75, 7, 0.5], "rotation": 90, "texture": "#2"},
				"up": {"uv": [7, 1.5, 8.25, 2], "texture": "#2"},
				"down": {"uv": [5.75, 1.5, 6.75, 2], "rotation": 180, "texture": "#2"}
			}
		},
		{
			"name": "FuseBeginning",
			"from": [10.25, 0.1, 3.6],
			"to": [12.25, 8.25, 3.6],
			"rotation": {"angle": 0, "axis": "y", "origin": [13.34, 5.0675, 4]},
			"faces": {
				"north": {"uv": [7.5, 0.25, 9, 1.25], "rotation": 270, "texture": "#2"},
				"south": {"uv": [5.75, 1, 7.25, 0.5], "rotation": 270, "texture": "#2"},
				"up": {"uv": [7, 1.5, 8.25, 2], "rotation": 180, "texture": "#2"},
				"down": {"uv": [6.75, 1.5, 5.75, 2], "texture": "#2"}
			}
		},
		{
			"name": "Outside",
			"from": [9.75, 14.75, 6],
			"to": [15.75, 16.75, 10],
			"rotation": {"angle": -22.5, "axis": "z", "origin": [2.75, 16.25, 8]},
			"faces": {
				"east": {"uv": [7, 1.5, 8.25, 2], "texture": "#1"},
				"west": {"uv": [7, 1.5, 8.25, 2], "texture": "#1"},
				"up": {"uv": [7, 1.5, 8.25, 2], "texture": "#1"},
				"down": {"uv": [7, 1.5, 8.25, 2], "texture": "#1"}
			}
		},
		{
			"name": "Inside",
			"from": [9.75, 14.75, 10],
			"to": [15.75, 16.75, 6],
			"rotation": {"angle": -22.5, "axis": "z", "origin": [2.75, 16.25, 8]},
			"faces": {
				"east": {"uv": [7, 1.5, 8.25, 2], "texture": "#1"},
				"west": {"uv": [7, 1.5, 8.25, 2], "texture": "#1"},
				"up": {"uv": [7, 1.5, 8.25, 2], "texture": "#1"},
				"down": {"uv": [7, 1.5, 8.25, 2], "texture": "#1"}
			}
		},
		{
			"name": "Outside",
			"from": [0.25, 14.75, 6],
			"to": [6.25, 16.75, 10],
			"rotation": {"angle": 22.5, "axis": "z", "origin": [13.25, 16.25, 8]},
			"faces": {
				"east": {"uv": [7, 1.5, 8.25, 2], "texture": "#1"},
				"west": {"uv": [7, 1.5, 8.25, 2], "texture": "#1"},
				"up": {"uv": [7, 1.5, 8.25, 2], "texture": "#1"},
				"down": {"uv": [7, 1.5, 8.25, 2], "texture": "#1"}
			}
		},
		{
			"name": "Inside",
			"from": [0.25, 14.75, 10],
			"to": [6.25, 16.75, 6],
			"rotation": {"angle": 22.5, "axis": "z", "origin": [13.25, 16.25, 8]},
			"faces": {
				"east": {"uv": [7, 1.5, 8.25, 2], "texture": "#1"},
				"west": {"uv": [7, 1.5, 8.25, 2], "texture": "#1"},
				"up": {"uv": [7, 1.5, 8.25, 2], "texture": "#1"},
				"down": {"uv": [7, 1.5, 8.25, 2], "texture": "#1"}
			}
		},
		{
			"name": "Cap",
			"from": [3, 12, 3],
			"to": [13, 15, 13],
			"rotation": {"angle": 0, "axis": "y", "origin": [8, 11.75, 8]},
			"faces": {
				"north": {"uv": [0.25, 3, 2.75, 3.75], "texture": "#1"},
				"east": {"uv": [0.25, 3, 2.75, 3.75], "texture": "#1"},
				"south": {"uv": [0.25, 3, 2.75, 3.75], "texture": "#1"},
				"west": {"uv": [0.25, 3, 2.75, 3.75], "texture": "#1"},
				"up": {"uv": [2.75, 2.75, 0.25, 0.25], "texture": "#1"},
				"down": {"uv": [5.5, 0.25, 3, 2.75], "texture": "#1"}
			}
		},
		{
			"name": "Outside",
			"from": [9.75, 12.75, 6],
			"to": [15.75, 14.75, 10],
			"rotation": {"angle": -22.5, "axis": "z", "origin": [2.75, 14.25, 8]},
			"faces": {
				"east": {"uv": [7, 5.25, 8.25, 5.75], "texture": "#1"},
				"west": {"uv": [7, 5.25, 8.25, 5.75], "texture": "#1"},
				"up": {"uv": [7, 5.25, 8.25, 5.75], "texture": "#1"},
				"down": {"uv": [7, 5.25, 8.25, 5.75], "texture": "#1"}
			}
		},
		{
			"name": "Inside",
			"from": [9.75, 12.75, 10],
			"to": [15.75, 14.75, 6],
			"rotation": {"angle": -22.5, "axis": "z", "origin": [2.75, 14.25, 8]},
			"faces": {
				"east": {"uv": [7, 5.25, 8.25, 5.75], "texture": "#1"},
				"west": {"uv": [7, 5.25, 8.25, 5.75], "texture": "#1"},
				"up": {"uv": [7, 5.25, 8.25, 5.75], "texture": "#1"},
				"down": {"uv": [7, 5.25, 8.25, 5.75], "texture": "#1"}
			}
		},
		{
			"name": "Outside",
			"from": [0.25, 12.75, 6],
			"to": [6.25, 14.75, 10],
			"rotation": {"angle": 22.5, "axis": "z", "origin": [13.25, 14.25, 8]},
			"faces": {
				"east": {"uv": [7, 5.25, 8.25, 5.75], "texture": "#1"},
				"west": {"uv": [7, 5.25, 8.25, 5.75], "texture": "#1"},
				"up": {"uv": [7, 5.25, 8.25, 5.75], "texture": "#1"},
				"down": {"uv": [7, 5.25, 8.25, 5.75], "texture": "#1"}
			}
		},
		{
			"name": "Inside",
			"from": [0.25, 12.75, 10],
			"to": [6.25, 14.75, 6],
			"rotation": {"angle": 22.5, "axis": "z", "origin": [13.25, 14.25, 8]},
			"faces": {
				"east": {"uv": [7, 5.25, 8.25, 5.75], "texture": "#1"},
				"west": {"uv": [7, 5.25, 8.25, 5.75], "texture": "#1"},
				"up": {"uv": [7, 5.25, 8.25, 5.75], "texture": "#1"},
				"down": {"uv": [7, 5.25, 8.25, 5.75], "texture": "#1"}
			}
		},
		{
			"name": "Cap",
			"from": [3, 10, 3],
			"to": [13, 13, 13],
			"rotation": {"angle": 0, "axis": "y", "origin": [8, 9.75, 8]},
			"faces": {
				"north": {"uv": [0.25, 6.75, 2.75, 7.5], "texture": "#1"},
				"east": {"uv": [0.25, 6.75, 2.75, 7.5], "texture": "#1"},
				"south": {"uv": [0.25, 6.75, 2.75, 7.5], "texture": "#1"},
				"west": {"uv": [0.25, 6.75, 2.75, 7.5], "texture": "#1"},
				"up": {"uv": [2.75, 6.5, 0.25, 4], "texture": "#1"},
				"down": {"uv": [5.5, 4, 3, 6.5], "texture": "#1"}
			}
		},
		{
			"name": "Outside",
			"from": [9.75, 10.75, 6],
			"to": [15.75, 12.75, 10],
			"rotation": {"angle": -22.5, "axis": "z", "origin": [2.75, 12.25, 8]},
			"faces": {
				"east": {"uv": [7, 9, 8.25, 9.5], "texture": "#1"},
				"west": {"uv": [7, 9, 8.25, 9.5], "texture": "#1"},
				"up": {"uv": [7, 9, 8.25, 9.5], "texture": "#1"},
				"down": {"uv": [7, 9, 8.25, 9.5], "texture": "#1"}
			}
		},
		{
			"name": "Inside",
			"from": [9.75, 10.75, 10],
			"to": [15.75, 12.75, 6],
			"rotation": {"angle": -22.5, "axis": "z", "origin": [2.75, 12.25, 8]},
			"faces": {
				"east": {"uv": [7, 9, 8.25, 9.5], "texture": "#1"},
				"west": {"uv": [7, 9, 8.25, 9.5], "texture": "#1"},
				"up": {"uv": [7, 9, 8.25, 9.5], "texture": "#1"},
				"down": {"uv": [7, 9, 8.25, 9.5], "texture": "#1"}
			}
		},
		{
			"name": "Outside",
			"from": [0.25, 10.75, 6],
			"to": [6.25, 12.75, 10],
			"rotation": {"angle": 22.5, "axis": "z", "origin": [13.25, 12.25, 8]},
			"faces": {
				"east": {"uv": [7, 9, 8.25, 9.5], "texture": "#1"},
				"west": {"uv": [7, 9, 8.25, 9.5], "texture": "#1"},
				"up": {"uv": [7, 9, 8.25, 9.5], "texture": "#1"},
				"down": {"uv": [7, 9, 8.25, 9.5], "texture": "#1"}
			}
		},
		{
			"name": "Inside",
			"from": [0.25, 10.75, 10],
			"to": [6.25, 12.75, 6],
			"rotation": {"angle": 22.5, "axis": "z", "origin": [13.25, 12.25, 8]},
			"faces": {
				"east": {"uv": [7, 9, 8.25, 9.5], "texture": "#1"},
				"west": {"uv": [7, 9, 8.25, 9.5], "texture": "#1"},
				"up": {"uv": [7, 9, 8.25, 9.5], "texture": "#1"},
				"down": {"uv": [7, 9, 8.25, 9.5], "texture": "#1"}
			}
		},
		{
			"name": "Cap",
			"from": [3, 8, 3],
			"to": [13, 11, 13],
			"rotation": {"angle": 0, "axis": "y", "origin": [8, 7.75, 8]},
			"faces": {
				"north": {"uv": [0.25, 10.5, 2.75, 11.25], "texture": "#1"},
				"east": {"uv": [0.25, 10.5, 2.75, 11.25], "texture": "#1"},
				"south": {"uv": [0.25, 10.5, 2.75, 11.25], "texture": "#1"},
				"west": {"uv": [0.25, 10.5, 2.75, 11.25], "texture": "#1"},
				"up": {"uv": [2.75, 10.25, 0.25, 7.75], "texture": "#1"},
				"down": {"uv": [5.5, 7.75, 3, 10.25], "texture": "#1"}
			}
		},
		{
			"name": "Outside",
			"from": [9.75, 8.75, 6],
			"to": [15.75, 10.75, 10],
			"rotation": {"angle": -22.5, "axis": "z", "origin": [2.75, 10.25, 8]},
			"faces": {
				"east": {"uv": [7, 12.75, 8.25, 13.25], "texture": "#1"},
				"west": {"uv": [7, 12.75, 8.25, 13.25], "texture": "#1"},
				"up": {"uv": [7, 12.75, 8.25, 13.25], "texture": "#1"},
				"down": {"uv": [7, 12.75, 8.25, 13.25], "texture": "#1"}
			}
		},
		{
			"name": "Inside",
			"from": [9.75, 8.75, 10],
			"to": [15.75, 10.75, 6],
			"rotation": {"angle": -22.5, "axis": "z", "origin": [2.75, 10.25, 8]},
			"faces": {
				"east": {"uv": [7, 12.75, 8.25, 13.25], "texture": "#1"},
				"west": {"uv": [7, 12.75, 8.25, 13.25], "texture": "#1"},
				"up": {"uv": [7, 12.75, 8.25, 13.25], "texture": "#1"},
				"down": {"uv": [7, 12.75, 8.25, 13.25], "texture": "#1"}
			}
		},
		{
			"name": "Outside",
			"from": [0.25, 8.75, 6],
			"to": [6.25, 10.75, 10],
			"rotation": {"angle": 22.5, "axis": "z", "origin": [13.25, 10.25, 8]},
			"faces": {
				"east": {"uv": [7, 12.75, 8.25, 13.25], "texture": "#1"},
				"west": {"uv": [7, 12.75, 8.25, 13.25], "texture": "#1"},
				"up": {"uv": [7, 12.75, 8.25, 13.25], "texture": "#1"},
				"down": {"uv": [7, 12.75, 8.25, 13.25], "texture": "#1"}
			}
		},
		{
			"name": "Inside",
			"from": [0.25, 8.75, 10],
			"to": [6.25, 10.75, 6],
			"rotation": {"angle": 22.5, "axis": "z", "origin": [13.25, 10.25, 8]},
			"faces": {
				"east": {"uv": [7, 12.75, 8.25, 13.25], "texture": "#1"},
				"west": {"uv": [7, 12.75, 8.25, 13.25], "texture": "#1"},
				"up": {"uv": [7, 12.75, 8.25, 13.25], "texture": "#1"},
				"down": {"uv": [7, 12.75, 8.25, 13.25], "texture": "#1"}
			}
		},
		{
			"name": "Cap",
			"from": [3, 6, 3],
			"to": [13, 9, 13],
			"rotation": {"angle": 0, "axis": "y", "origin": [8, 5.75, 8]},
			"faces": {
				"north": {"uv": [0.25, 14.25, 2.75, 15], "texture": "#1"},
				"east": {"uv": [0.25, 14.25, 2.75, 15], "texture": "#1"},
				"south": {"uv": [0.25, 14.25, 2.75, 15], "texture": "#1"},
				"west": {"uv": [0.25, 14.25, 2.75, 15], "texture": "#1"},
				"up": {"uv": [2.75, 14, 0.25, 11.5], "texture": "#1"},
				"down": {"uv": [5.5, 11.5, 3, 14], "texture": "#1"}
			}
		},
		{
			"name": "Outside",
			"from": [7.75, 8.75, 6],
			"to": [13.75, 10.75, 10],
			"rotation": {"angle": -22.5, "axis": "z", "origin": [2.75, 10.25, 8]},
			"faces": {
				"east": {"uv": [13.75, 1.5, 15, 2], "texture": "#1"},
				"west": {"uv": [13.5, 1.5, 12.5, 2], "texture": "#1"},
				"up": {"uv": [12.5, 1.25, 14, 0.25], "texture": "#1"},
				"down": {"uv": [14.25, 0.25, 15.75, 1.25], "texture": "#1"}
			}
		},
		{
			"name": "Inside",
			"from": [7.75, 8.75, 10],
			"to": [13.75, 10.75, 6],
			"rotation": {"angle": -22.5, "axis": "z", "origin": [2.75, 10.25, 8]},
			"faces": {
				"east": {"uv": [13.75, 1.5, 15, 2], "texture": "#1"},
				"west": {"uv": [12.5, 1.5, 13.5, 2], "texture": "#1"},
				"up": {"uv": [12.5, 1.25, 14, 0.25], "texture": "#1"},
				"down": {"uv": [14.25, 0.25, 15.75, 1.25], "texture": "#1"}
			}
		},
		{
			"name": "Outside",
			"from": [2.25, 8.75, 6],
			"to": [8.25, 10.75, 10],
			"rotation": {"angle": 22.5, "axis": "z", "origin": [13.25, 10.25, 8]},
			"faces": {
				"east": {"uv": [12.5, 1.5, 13.5, 2], "texture": "#1"},
				"west": {"uv": [13.75, 1.5, 15, 2], "texture": "#1"},
				"up": {"uv": [14, 1.25, 12.5, 0.25], "texture": "#1"},
				"down": {"uv": [15.75, 0.25, 14.25, 1.25], "texture": "#1"}
			}
		},
		{
			"name": "Inside",
			"from": [2.25, 8.75, 10],
			"to": [8.25, 10.75, 6],
			"rotation": {"angle": 22.5, "axis": "z", "origin": [13.25, 10.25, 8]},
			"faces": {
				"east": {"uv": [12.5, 1.5, 13.5, 2], "texture": "#1"},
				"west": {"uv": [13.75, 1.5, 15, 2], "texture": "#1"},
				"up": {"uv": [14, 1.25, 12.5, 0.25], "texture": "#1"},
				"down": {"uv": [15.75, 0.25, 14.25, 1.25], "texture": "#1"}
			}
		},
		{
			"name": "Cap",
			"from": [3, 6, 3],
			"to": [13, 9, 13],
			"rotation": {"angle": 0, "axis": "y", "origin": [8, 5.75, 8]},
			"faces": {
				"north": {"uv": [0.25, 14.25, 2.75, 15], "texture": "#1"},
				"east": {"uv": [0.25, 14.25, 2.75, 15], "texture": "#1"},
				"south": {"uv": [0.25, 14.25, 2.75, 15], "texture": "#1"},
				"west": {"uv": [0.25, 14.25, 2.75, 15], "texture": "#1"},
				"up": {"uv": [2.75, 14, 0.25, 11.5], "texture": "#1"},
				"down": {"uv": [5.5, 11.5, 3, 14], "texture": "#1"}
			}
		},
		{
			"name": "Outside",
			"from": [5.75, 8.75, 6],
			"to": [11.75, 10.75, 10],
			"rotation": {"angle": -22.5, "axis": "z", "origin": [2.75, 10.25, 8]},
			"faces": {
				"east": {"uv": [13.75, 5.25, 15, 5.75], "texture": "#1"},
				"west": {"uv": [13.5, 5.25, 12.5, 5.75], "texture": "#1"},
				"up": {"uv": [12.5, 5, 14, 4], "texture": "#1"},
				"down": {"uv": [14.25, 4, 15.75, 5], "texture": "#1"}
			}
		},
		{
			"name": "Inside",
			"from": [5.75, 8.75, 10],
			"to": [11.75, 10.75, 6],
			"rotation": {"angle": -22.5, "axis": "z", "origin": [2.75, 10.25, 8]},
			"faces": {
				"east": {"uv": [13.75, 5.25, 15, 5.75], "texture": "#1"},
				"west": {"uv": [12.5, 5.25, 13.5, 5.75], "texture": "#1"},
				"up": {"uv": [12.5, 5, 14, 4], "texture": "#1"},
				"down": {"uv": [14.25, 4, 15.75, 5], "texture": "#1"}
			}
		},
		{
			"name": "Outside",
			"from": [4.25, 8.75, 6],
			"to": [10.25, 10.75, 10],
			"rotation": {"angle": 22.5, "axis": "z", "origin": [13.25, 10.25, 8]},
			"faces": {
				"east": {"uv": [12.5, 5.25, 13.5, 5.75], "texture": "#1"},
				"west": {"uv": [13.75, 5.25, 15, 5.75], "texture": "#1"},
				"up": {"uv": [14, 5, 12.5, 4], "texture": "#1"},
				"down": {"uv": [15.75, 4, 14.25, 5], "texture": "#1"}
			}
		},
		{
			"name": "Inside",
			"from": [4.25, 8.75, 10],
			"to": [10.25, 10.75, 6],
			"rotation": {"angle": 22.5, "axis": "z", "origin": [13.25, 10.25, 8]},
			"faces": {
				"east": {"uv": [12.5, 5.25, 13.5, 5.75], "texture": "#1"},
				"west": {"uv": [13.75, 5.25, 15, 5.75], "texture": "#1"},
				"up": {"uv": [14, 5, 12.5, 4], "texture": "#1"},
				"down": {"uv": [15.75, 4, 14.25, 5], "texture": "#1"}
			}
		},
		{
			"name": "Cap",
			"from": [3, 6, 3],
			"to": [13, 9, 13],
			"rotation": {"angle": 0, "axis": "y", "origin": [8, 5.75, 8]},
			"faces": {
				"north": {"uv": [0.25, 14.25, 2.75, 15], "texture": "#1"},
				"east": {"uv": [0.25, 14.25, 2.75, 15], "texture": "#1"},
				"south": {"uv": [0.25, 14.25, 2.75, 15], "texture": "#1"},
				"west": {"uv": [0.25, 14.25, 2.75, 15], "texture": "#1"},
				"up": {"uv": [2.75, 14, 0.25, 11.5], "texture": "#1"},
				"down": {"uv": [5.5, 11.5, 3, 14], "texture": "#1"}
			}
		},
		{
			"name": "Outside",
			"from": [3.75, 8.75, 6],
			"to": [9.75, 10.75, 10],
			"rotation": {"angle": -22.5, "axis": "z", "origin": [2.75, 10.25, 8]},
			"faces": {
				"east": {"uv": [13.75, 9, 15, 9.5], "texture": "#1"},
				"west": {"uv": [13.5, 9, 12.5, 9.5], "texture": "#1"},
				"up": {"uv": [12.5, 8.75, 14, 7.75], "texture": "#1"},
				"down": {"uv": [14.25, 7.75, 15.75, 8.75], "texture": "#1"}
			}
		},
		{
			"name": "Inside",
			"from": [3.75, 8.75, 10],
			"to": [9.75, 10.75, 6],
			"rotation": {"angle": -22.5, "axis": "z", "origin": [2.75, 10.25, 8]},
			"faces": {
				"east": {"uv": [13.75, 9, 15, 9.5], "texture": "#1"},
				"west": {"uv": [12.5, 9, 13.5, 9.5], "texture": "#1"},
				"up": {"uv": [12.5, 8.75, 14, 7.75], "texture": "#1"},
				"down": {"uv": [14.25, 7.75, 15.75, 8.75], "texture": "#1"}
			}
		},
		{
			"name": "Outside",
			"from": [6.25, 8.75, 6],
			"to": [12.25, 10.75, 10],
			"rotation": {"angle": 22.5, "axis": "z", "origin": [13.25, 10.25, 8]},
			"faces": {
				"east": {"uv": [12.5, 9, 13.5, 9.5], "texture": "#1"},
				"west": {"uv": [13.75, 9, 15, 9.5], "texture": "#1"},
				"up": {"uv": [14, 8.75, 12.5, 7.75], "texture": "#1"},
				"down": {"uv": [15.75, 7.75, 14.25, 8.75], "texture": "#1"}
			}
		},
		{
			"name": "Inside",
			"from": [6.25, 8.75, 10],
			"to": [12.25, 10.75, 6],
			"rotation": {"angle": 22.5, "axis": "z", "origin": [13.25, 10.25, 8]},
			"faces": {
				"east": {"uv": [12.5, 9, 13.5, 9.5], "texture": "#1"},
				"west": {"uv": [13.75, 9, 15, 9.5], "texture": "#1"},
				"up": {"uv": [14, 8.75, 12.5, 7.75], "texture": "#1"},
				"down": {"uv": [15.75, 7.75, 14.25, 8.75], "texture": "#1"}
			}
		},
		{
			"name": "Cap",
			"from": [3, 6, 3],
			"to": [13, 9, 13],
			"rotation": {"angle": 0, "axis": "y", "origin": [8, 5.75, 8]},
			"faces": {
				"north": {"uv": [0.25, 14.25, 2.75, 15], "texture": "#1"},
				"east": {"uv": [0.25, 14.25, 2.75, 15], "texture": "#1"},
				"south": {"uv": [0.25, 14.25, 2.75, 15], "texture": "#1"},
				"west": {"uv": [0.25, 14.25, 2.75, 15], "texture": "#1"},
				"up": {"uv": [2.75, 14, 0.25, 11.5], "texture": "#1"},
				"down": {"uv": [5.5, 11.5, 3, 14], "texture": "#1"}
			}
		},
		{
			"name": "Outside",
			"from": [1.75, 8.75, 6],
			"to": [7.75, 10.75, 10],
			"rotation": {"angle": -22.5, "axis": "z", "origin": [2.75, 10.25, 8]},
			"faces": {
				"east": {"uv": [13.75, 12.75, 15, 13.25], "texture": "#1"},
				"west": {"uv": [13.5, 12.75, 12.5, 13.25], "texture": "#1"},
				"up": {"uv": [12.5, 12.5, 14, 11.5], "texture": "#1"},
				"down": {"uv": [14.25, 11.5, 15.75, 12.5], "texture": "#1"}
			}
		},
		{
			"name": "Inside",
			"from": [1.75, 8.75, 10],
			"to": [7.75, 10.75, 6],
			"rotation": {"angle": -22.5, "axis": "z", "origin": [2.75, 10.25, 8]},
			"faces": {
				"east": {"uv": [13.75, 12.75, 15, 13.25], "texture": "#1"},
				"west": {"uv": [12.5, 12.75, 13.5, 13.25], "texture": "#1"},
				"up": {"uv": [12.5, 12.5, 14, 11.5], "texture": "#1"},
				"down": {"uv": [14.25, 11.5, 15.75, 12.5], "texture": "#1"}
			}
		},
		{
			"name": "Outside",
			"from": [8.25, 8.75, 6],
			"to": [14.25, 10.75, 10],
			"rotation": {"angle": 22.5, "axis": "z", "origin": [13.25, 10.25, 8]},
			"faces": {
				"east": {"uv": [12.5, 12.75, 13.5, 13.25], "texture": "#1"},
				"west": {"uv": [13.75, 12.75, 15, 13.25], "texture": "#1"},
				"up": {"uv": [14, 12.5, 12.5, 11.5], "texture": "#1"},
				"down": {"uv": [15.75, 11.5, 14.25, 12.5], "texture": "#1"}
			}
		},
		{
			"name": "Inside",
			"from": [8.25, 8.75, 10],
			"to": [14.25, 10.75, 6],
			"rotation": {"angle": 22.5, "axis": "z", "origin": [13.25, 10.25, 8]},
			"faces": {
				"east": {"uv": [12.5, 12.75, 13.5, 13.25], "texture": "#1"},
				"west": {"uv": [13.75, 12.75, 15, 13.25], "texture": "#1"},
				"up": {"uv": [14, 12.5, 12.5, 11.5], "texture": "#1"},
				"down": {"uv": [15.75, 11.5, 14.25, 12.5], "texture": "#1"}
			}
		},
		{
			"name": "Cap",
			"from": [3, 6, 3],
			"to": [13, 9, 13],
			"rotation": {"angle": 0, "axis": "y", "origin": [8, 5.75, 8]},
			"faces": {
				"north": {"uv": [0.25, 14.25, 2.75, 15], "texture": "#1"},
				"east": {"uv": [0.25, 14.25, 2.75, 15], "texture": "#1"},
				"south": {"uv": [0.25, 14.25, 2.75, 15], "texture": "#1"},
				"west": {"uv": [0.25, 14.25, 2.75, 15], "texture": "#1"},
				"up": {"uv": [2.75, 14, 0.25, 11.5], "texture": "#1"},
				"down": {"uv": [5.5, 11.5, 3, 14], "texture": "#1"}
			}
		}
	],
	"display": {
		"head": {
			"translation": [0, -30.4, 0],
			"scale": [1.6, 1.6, 1.6]
		}
	},
	"groups": [
		{
			"name": "box",
			"origin": [8, 5.75, 8],
			"color": 0,
			"children": [0, 1, 2, 3, 4, 5]
		},
		{
			"name": "Lid1",
			"origin": [8, 8, 8],
			"color": 0,
			"children": [
				{
					"name": "bowright",
					"origin": [12.25, 12, 8],
					"color": 0,
					"children": [6, 7]
				},
				{
					"name": "bowleft",
					"origin": [12.25, 12, 8],
					"color": 0,
					"children": [8, 9]
				},
				10
			]
		},
		{
			"name": "Lid2",
			"origin": [8, 8, 8],
			"color": 0,
			"children": [
				{
					"name": "bowright",
					"origin": [12.25, 12, 8],
					"color": 0,
					"children": [11, 12]
				},
				{
					"name": "bowleft",
					"origin": [12.25, 12, 8],
					"color": 0,
					"children": [13, 14]
				},
				15
			]
		},
		{
			"name": "Lid3",
			"origin": [8, 8, 8],
			"color": 0,
			"children": [
				{
					"name": "bowright",
					"origin": [12.25, 12, 8],
					"color": 0,
					"children": [16, 17]
				},
				{
					"name": "bowleft",
					"origin": [12.25, 12, 8],
					"color": 0,
					"children": [18, 19]
				},
				20
			]
		},
		{
			"name": "Lid4",
			"origin": [8, 8, 8],
			"color": 0,
			"children": [
				{
					"name": "bowright",
					"origin": [12.25, 12, 8],
					"color": 0,
					"children": [21, 22]
				},
				{
					"name": "bowleft",
					"origin": [12.25, 12, 8],
					"color": 0,
					"children": [23, 24]
				},
				25
			]
		},
		{
			"name": "Lid5",
			"origin": [8, 8, 8],
			"color": 0,
			"children": [
				{
					"name": "bowright",
					"origin": [12.25, 12, 8],
					"color": 0,
					"children": [26, 27]
				},
				{
					"name": "bowleft",
					"origin": [12.25, 12, 8],
					"color": 0,
					"children": [28, 29]
				},
				30
			]
		},
		{
			"name": "Lid6",
			"origin": [8, 8, 8],
			"color": 0,
			"children": [
				{
					"name": "bowright",
					"origin": [12.25, 12, 8],
					"color": 0,
					"children": [31, 32]
				},
				{
					"name": "bowleft",
					"origin": [12.25, 12, 8],
					"color": 0,
					"children": [33, 34]
				},
				35
			]
		},
		{
			"name": "Lid7",
			"origin": [8, 8, 8],
			"color": 0,
			"children": [
				{
					"name": "bowright",
					"origin": [12.25, 12, 8],
					"color": 0,
					"children": [36, 37]
				},
				{
					"name": "bowleft",
					"origin": [12.25, 12, 8],
					"color": 0,
					"children": [38, 39]
				},
				40
			]
		},
		{
			"name": "Lid8",
			"origin": [8, 8, 8],
			"color": 0,
			"children": [
				{
					"name": "bowright",
					"origin": [12.25, 12, 8],
					"color": 0,
					"children": [41, 42]
				},
				{
					"name": "bowleft",
					"origin": [12.25, 12, 8],
					"color": 0,
					"children": [43, 44]
				},
				45
			]
		}
	]
}