{"credit":"tatum","texture_size":[64,64],"textures":{"0":"block/custom/light_strike/star_device","1":"block/custom/light_strike/star_device-break","particle":"block/custom/light_strike/star_device"},"elements":[{"from":[2,7,2],"to":[14,9,14],"rotation":{"angle":0,"axis":"y","origin":[8,11,8]},"faces":{"north":{"uv":[1.5,0,3,0.25],"texture":"#1"},"east":{"uv":[1.5,0,3,0.25],"texture":"#1"},"south":{"uv":[1.5,0,3,0.25],"texture":"#1"},"west":{"uv":[1.5,0,3,0.25],"texture":"#1"},"up":{"uv":[1.5,1.5,0,0],"texture":"#1"},"down":{"uv":[1.5,1.5,0,3],"texture":"#1"}}},{"from":[2,9,2],"to":[4,12,14],"rotation":{"angle":0,"axis":"y","origin":[8,11,8]},"faces":{"north":{"uv":[4.75,0,5,0.375],"texture":"#1"},"east":{"uv":[1.5,0.75,3,1.125],"texture":"#1"},"south":{"uv":[3.5,0,3.75,0.375],"texture":"#1"},"west":{"uv":[3.5,0,5,0.375],"texture":"#1"},"up":{"uv":[2.75,2.625,2.5,1.125],"texture":"#1"},"down":{"uv":[2.75,1.125,2.5,2.625],"texture":"#1"}}},{"from":[4,9,2],"to":[12,12,4],"rotation":{"angle":0,"axis":"y","origin":[8,11,8]},"faces":{"north":{"uv":[3.75,0,4.75,0.375],"texture":"#1"},"east":{"uv":[1.875,1.125,2.125,1.5],"texture":"#1"},"south":{"uv":[1.75,0.75,2.75,1.125],"texture":"#1"},"west":{"uv":[2.125,1.125,2.375,1.5],"texture":"#1"},"up":{"uv":[2.5,0.5,1.5,0.25],"texture":"#1"},"down":{"uv":[2.5,0.5,1.5,0.75],"texture":"#1"}}},{"from":[4,9,12],"to":[12,12,14],"rotation":{"angle":0,"axis":"y","origin":[8,11,8]},"faces":{"north":{"uv":[1.75,0.75,2.75,1.125],"texture":"#1"},"east":{"uv":[1.75,1.125,2,1.5],"texture":"#1"},"south":{"uv":[3.75,0,4.75,0.375],"texture":"#1"},"west":{"uv":[2,1.125,2.25,1.5],"texture":"#1"},"up":{"uv":[3.5,0.5,2.5,0.25],"texture":"#1"},"down":{"uv":[3.5,0.25,2.5,0.5],"texture":"#1"}}},{"from":[4,11,6.5],"to":[12,12,9.5],"rotation":{"angle":0,"axis":"y","origin":[8,11,8]},"faces":{"north":{"uv":[1.5,1.5,2.5,1.625],"texture":"#1"},"east":{"uv":[2,1.25,2.375,1.375],"texture":"#1"},"south":{"uv":[1.5,1.5,2.5,1.625],"texture":"#1"},"west":{"uv":[1.625,1.125,2,1.25],"texture":"#1"},"up":{"uv":[4.5,0.75,3.5,0.375],"texture":"#1"},"down":{"uv":[2.5,1.125,1.5,1.5],"texture":"#1"}}},{"from":[12,9,2],"to":[14,12,14],"rotation":{"angle":0,"axis":"y","origin":[8,11,8]},"faces":{"north":{"uv":[3.5,0,3.75,0.375],"texture":"#1"},"east":{"uv":[3.5,0,5,0.375],"texture":"#1"},"south":{"uv":[4.75,0,5,0.375],"texture":"#1"},"west":{"uv":[1.5,0.75,3,1.125],"texture":"#1"},"up":{"uv":[2.5,2.625,2.75,1.125],"texture":"#1"},"down":{"uv":[2.75,1.125,2.5,2.625],"texture":"#1"}}},{"from":[3.5,-3,3.5],"to":[12.5,8,12.5],"rotation":{"angle":0,"axis":"y","origin":[8,11,8]},"faces":{"north":{"uv":[2.75,1.125,3.875,2.5],"texture":"#1"},"east":{"uv":[2.75,1.125,3.875,2.5],"texture":"#1"},"south":{"uv":[2.75,1.125,3.875,2.5],"texture":"#1"},"west":{"uv":[2.75,1.125,3.875,2.5],"texture":"#1"},"up":{"uv":[2.75,1.25,3.875,2.375],"texture":"#1"},"down":{"uv":[2.75,1.25,3.875,2.375],"texture":"#1"}}},{"from":[6.5,-3,3.25],"to":[9.5,8,3.25],"rotation":{"angle":0,"axis":"y","origin":[8,11,8]},"faces":{"north":{"uv":[2.125,1.625,2.5,3],"texture":"#1","tintindex":0},"east":{"uv":[2.125,1.625,2.5,3],"texture":"#1","tintindex":0},"south":{"uv":[2.125,1.625,2.5,3],"texture":"#1","tintindex":0},"west":{"uv":[2.125,1.625,2.5,3],"texture":"#1","tintindex":0},"up":{"uv":[2.125,1.625,2.5,3],"texture":"#1"},"down":{"uv":[2.125,1.625,2.5,3],"texture":"#1"}}},{"from":[6.5,-3,12.75],"to":[9.5,8,12.75],"rotation":{"angle":0,"axis":"y","origin":[8,11,8]},"faces":{"north":{"uv":[2.5,1.625,2.125,3],"texture":"#1","tintindex":0},"east":{"uv":[2.5,1.625,2.125,3],"texture":"#1","tintindex":0},"south":{"uv":[2.5,1.625,2.125,3],"texture":"#1","tintindex":0},"west":{"uv":[2.5,1.625,2.125,3],"texture":"#1","tintindex":0},"up":{"uv":[2.5,1.625,2.125,3],"texture":"#1"},"down":{"uv":[2.5,1.625,2.125,3],"texture":"#1"}}},{"from":[12.75,-3,6.5],"to":[12.75,8,9.5],"rotation":{"angle":0,"axis":"y","origin":[8,11,8]},"faces":{"north":{"uv":[2.125,1.625,2.125,3],"texture":"#1","tintindex":0},"east":{"uv":[2.125,1.625,2.5,3],"texture":"#1","tintindex":0},"south":{"uv":[2.125,1.625,2.125,3],"texture":"#1","tintindex":0},"west":{"uv":[2.125,1.625,2.5,3],"texture":"#1","tintindex":0},"up":{"uv":[2.125,1.625,2.125,3],"texture":"#1"},"down":{"uv":[2.125,1.625,2.125,3],"texture":"#1"}}},{"from":[3.25,-3,6.5],"to":[3.25,8,9.5],"rotation":{"angle":0,"axis":"y","origin":[8,11,8]},"faces":{"north":{"uv":[2.125,1.625,2.125,3],"texture":"#1","tintindex":0},"east":{"uv":[2.125,1.625,2.5,3],"texture":"#1","tintindex":0},"south":{"uv":[2.125,1.625,2.125,3],"texture":"#1","tintindex":0},"west":{"uv":[2.125,1.625,2.5,3],"texture":"#1","tintindex":0},"up":{"uv":[2.125,1.625,2.125,3],"texture":"#1"},"down":{"uv":[2.125,1.625,2.125,3],"texture":"#1"}}},{"from":[8,9,-2],"to":[8,12,2],"rotation":{"angle":0,"axis":"y","origin":[8,11,8]},"faces":{"north":{"uv":[3,0.5,3.5,0.875],"texture":"#1","tintindex":0},"east":{"uv":[3,0.5,3.5,0.875],"texture":"#1","tintindex":0},"south":{"uv":[3,0.5,3.5,0.875],"texture":"#1","tintindex":0},"west":{"uv":[3.5,0.5,3,0.875],"texture":"#1","tintindex":0},"up":{"uv":[3,0.5,3.5,0.875],"texture":"#1"},"down":{"uv":[3,0.5,3.5,0.875],"texture":"#1"}}},{"from":[8,-4,-5],"to":[8,12,2],"rotation":{"angle":0,"axis":"y","origin":[8,11,8]},"faces":{"north":{"uv":[3.875,0.75,3.875,2.75],"texture":"#1","tintindex":0},"east":{"uv":[4.75,0.75,3.875,2.75],"texture":"#1","tintindex":0},"south":{"uv":[3.875,0.75,3.875,2.75],"texture":"#1","tintindex":0},"west":{"uv":[3.875,0.75,4.75,2.75],"texture":"#1","tintindex":0},"up":{"uv":[0,0,0.875,0],"rotation":270,"texture":"#1"},"down":{"uv":[0,0,0.875,0],"rotation":90,"texture":"#1"}}},{"from":[8,-4,14],"to":[8,12,21],"rotation":{"angle":0,"axis":"y","origin":[8,11,8]},"faces":{"north":{"uv":[3.875,0.75,3.875,2.75],"texture":"#1","tintindex":0},"east":{"uv":[3.875,0.75,4.75,2.75],"texture":"#1","tintindex":0},"south":{"uv":[3.875,0.75,3.875,2.75],"texture":"#1","tintindex":0},"west":{"uv":[4.75,0.75,3.875,2.75],"texture":"#1","tintindex":0},"up":{"uv":[0,0,0.875,0],"rotation":270,"texture":"#1"},"down":{"uv":[0,0,0.875,0],"rotation":90,"texture":"#1"}}},{"from":[-5,-4,8],"to":[2,12,8],"rotation":{"angle":0,"axis":"y","origin":[8,11,8]},"faces":{"north":{"uv":[4.75,0.75,3.875,2.75],"texture":"#1","tintindex":0},"east":{"uv":[3.875,0.75,3.875,2.75],"texture":"#1","tintindex":0},"south":{"uv":[3.875,0.75,4.75,2.75],"texture":"#1","tintindex":0},"west":{"uv":[3.875,0.75,3.875,2.75],"texture":"#1","tintindex":0},"up":{"uv":[0,0,0.875,0],"texture":"#1"},"down":{"uv":[0,0,0.875,0],"texture":"#1"}}},{"from":[14,-4,8],"to":[21,12,8],"rotation":{"angle":0,"axis":"y","origin":[8,11,8]},"faces":{"north":{"uv":[3.875,0.75,4.75,2.75],"texture":"#1","tintindex":0},"east":{"uv":[3.875,0.75,3.875,2.75],"texture":"#1","tintindex":0},"south":{"uv":[4.75,0.75,3.875,2.75],"texture":"#1","tintindex":0},"west":{"uv":[3.875,0.75,3.875,2.75],"texture":"#1","tintindex":0},"up":{"uv":[0,0,0.875,0],"texture":"#1"},"down":{"uv":[0,0,0.875,0],"texture":"#1"}}},{"from":[8,9,14],"to":[8,12,18],"rotation":{"angle":0,"axis":"y","origin":[8,11,8]},"faces":{"north":{"uv":[3,0.5,3.5,0.875],"texture":"#1","tintindex":0},"east":{"uv":[3.5,0.5,3,0.875],"texture":"#1","tintindex":0},"south":{"uv":[3,0.5,3.5,0.875],"texture":"#1","tintindex":0},"west":{"uv":[3,0.5,3.5,0.875],"texture":"#1","tintindex":0},"up":{"uv":[3,0.5,3.5,0.875],"texture":"#1"},"down":{"uv":[3,0.5,3.5,0.875],"texture":"#1"}}},{"from":[-2,9,8],"to":[2,12,8],"rotation":{"angle":0,"axis":"y","origin":[8,11,8]},"faces":{"north":{"uv":[3,0.5,3.5,0.875],"texture":"#1","tintindex":0},"east":{"uv":[3,0.5,3,0.875],"texture":"#1","tintindex":0},"south":{"uv":[3,0.5,3.5,0.875],"texture":"#1","tintindex":0},"west":{"uv":[3,0.5,3,0.875],"texture":"#1","tintindex":0},"up":{"uv":[3,0.5,3.5,0.5],"texture":"#1"},"down":{"uv":[3,0.5,3.5,0.5],"texture":"#1"}}},{"from":[14,9,8],"to":[18,12,8],"rotation":{"angle":0,"axis":"y","origin":[8,11,8]},"faces":{"north":{"uv":[3.5,0.5,3,0.875],"texture":"#1","tintindex":0},"east":{"uv":[3,0.5,3,0.875],"texture":"#1","tintindex":0},"south":{"uv":[3,0.5,3.5,0.875],"texture":"#1","tintindex":0},"west":{"uv":[3,0.5,3,0.875],"texture":"#1","tintindex":0},"up":{"uv":[3,0.5,3.5,0.5],"texture":"#1"},"down":{"uv":[3,0.5,3.5,0.5],"texture":"#1"}}},{"from":[1,0,1],"to":[15,7,15],"rotation":{"angle":0,"axis":"y","origin":[8,3,8]},"faces":{"north":{"uv":[3.5,6,7,7.75],"texture":"#0"},"east":{"uv":[3.5,6,7,7.75],"texture":"#0"},"south":{"uv":[3.5,6,7,7.75],"texture":"#0"},"west":{"uv":[3.5,6,7,7.75],"texture":"#0"},"up":{"uv":[3.5,3.5,0,0],"texture":"#0"},"down":{"uv":[3.5,3.5,0,7],"texture":"#0"}}},{"from":[0,-0.02,-4.35],"to":[6,6.98,0.65],"rotation":{"angle":-45,"axis":"y","origin":[-2,3.5,-1.5]},"faces":{"north":{"uv":[0,7,1.5,8.75],"texture":"#0"},"east":{"uv":[3,9.5,4.25,11.25],"texture":"#0"},"south":{"uv":[1.5,7,0,8.75],"texture":"#0"},"west":{"uv":[4.25,9.5,5.5,11.25],"texture":"#0"},"up":{"uv":[11.5,4.75,10,3.5],"texture":"#0"},"down":{"uv":[2,6,1.5,6.5],"texture":"#0"}}},{"from":[10,-0.02,-4.35],"to":[16,6.98,0.65],"rotation":{"angle":45,"axis":"y","origin":[18,3.5,-1.5]},"faces":{"north":{"uv":[1.5,7,0,8.75],"texture":"#0"},"east":{"uv":[4.25,9.5,5.5,11.25],"texture":"#0"},"south":{"uv":[0,7,1.5,8.75],"texture":"#0"},"west":{"uv":[6.75,9.5,8,11.25],"texture":"#0"},"up":{"uv":[10,4.75,11.5,3.5],"texture":"#0"},"down":{"uv":[2,6,1.5,6.5],"texture":"#0"}}},{"from":[10,-0.02,15.35],"to":[16,6.98,20.35],"rotation":{"angle":-45,"axis":"y","origin":[18,3.5,17.5]},"faces":{"north":{"uv":[1.5,7,0,8.75],"texture":"#0"},"east":{"uv":[4.25,9.5,5.5,11.25],"texture":"#0"},"south":{"uv":[0,7,1.5,8.75],"texture":"#0"},"west":{"uv":[10,1.75,11.25,3.5],"texture":"#0"},"up":{"uv":[10,4.75,11.5,3.5],"texture":"#0"},"down":{"uv":[2,6,1.5,6.5],"texture":"#0"}}},{"from":[15.5,0,16.75],"to":[16.5,7.25,16.75],"rotation":{"angle":45,"axis":"y","origin":[16,0,16]},"faces":{"north":{"uv":[6.75,4,7,5.8125],"texture":"#0","tintindex":0},"east":{"uv":[6.75,4,6.75,5.8125],"texture":"#0","tintindex":0},"south":{"uv":[6.75,4,7,5.8125],"texture":"#0","tintindex":0},"west":{"uv":[6.75,4,6.75,5.8125],"texture":"#0","tintindex":0},"up":{"uv":[7,4,6.75,4],"texture":"#0","tintindex":0},"down":{"uv":[7,4,6.75,4],"texture":"#0","tintindex":0}}},{"from":[15.5,7.25,12.75],"to":[16.5,7.25,16.75],"rotation":{"angle":45,"axis":"y","origin":[16,0,16]},"faces":{"north":{"uv":[6.75,4,7,4],"texture":"#0","tintindex":0},"east":{"uv":[6.75,4,7.75,4],"texture":"#0","tintindex":0},"south":{"uv":[6.75,4,7,4],"texture":"#0","tintindex":0},"west":{"uv":[6.75,4,7.75,4],"texture":"#0","tintindex":0},"up":{"uv":[7,5,6.75,4],"texture":"#0","tintindex":0},"down":{"uv":[7,5,6.75,4],"texture":"#0","tintindex":0}}},{"from":[-0.5,0,16.75],"to":[0.5,7.25,16.75],"rotation":{"angle":-45,"axis":"y","origin":[0,0,16]},"faces":{"north":{"uv":[7,4,6.75,5.8125],"texture":"#0","tintindex":0},"east":{"uv":[6.75,4,6.75,5.8125],"texture":"#0","tintindex":0},"south":{"uv":[7,4,6.75,5.8125],"texture":"#0","tintindex":0},"west":{"uv":[6.75,4,6.75,5.8125],"texture":"#0","tintindex":0},"up":{"uv":[6.75,4,7,4],"texture":"#0","tintindex":0},"down":{"uv":[6.75,4,7,4],"texture":"#0","tintindex":0}}},{"from":[-0.5,7.25,12.75],"to":[0.5,7.25,16.75],"rotation":{"angle":-45,"axis":"y","origin":[0,0,16]},"faces":{"north":{"uv":[7,4,6.75,4],"texture":"#0","tintindex":0},"east":{"uv":[7.75,4,6.75,4],"texture":"#0","tintindex":0},"south":{"uv":[7,4,6.75,4],"texture":"#0","tintindex":0},"west":{"uv":[7.75,4,6.75,4],"texture":"#0","tintindex":0},"up":{"uv":[6.75,5,7,4],"texture":"#0","tintindex":0},"down":{"uv":[6.75,5,7,4],"texture":"#0","tintindex":0}}},{"from":[-0.5,0,-0.75],"to":[0.5,7.25,-0.75],"rotation":{"angle":45,"axis":"y","origin":[0,0,0]},"faces":{"north":{"uv":[6.75,4,7,5.8125],"texture":"#0","tintindex":0},"east":{"uv":[6.75,4,6.75,5.8125],"texture":"#0","tintindex":0},"south":{"uv":[6.75,4,7,5.8125],"texture":"#0","tintindex":0},"west":{"uv":[6.75,4,6.75,5.8125],"texture":"#0","tintindex":0},"up":{"uv":[6.75,4,7,4],"texture":"#0","tintindex":0},"down":{"uv":[6.75,4,7,4],"texture":"#0","tintindex":0}}},{"from":[-0.5,7.25,-0.75],"to":[0.5,7.25,3.25],"rotation":{"angle":45,"axis":"y","origin":[0,0,0]},"faces":{"north":{"uv":[6.75,4,7,4],"texture":"#0","tintindex":0},"east":{"uv":[6.75,4,7.75,4],"texture":"#0","tintindex":0},"south":{"uv":[6.75,4,7,4],"texture":"#0","tintindex":0},"west":{"uv":[6.75,4,7.75,4],"texture":"#0","tintindex":0},"up":{"uv":[6.75,4,7,5],"texture":"#0","tintindex":0},"down":{"uv":[6.75,4,7,5],"texture":"#0","tintindex":0}}},{"from":[15.5,0,-0.75],"to":[16.5,7.25,-0.75],"rotation":{"angle":-45,"axis":"y","origin":[16,0,0]},"faces":{"north":{"uv":[7,4,6.75,5.8125],"texture":"#0","tintindex":0},"east":{"uv":[6.75,4,6.75,5.8125],"texture":"#0","tintindex":0},"south":{"uv":[7,4,6.75,5.8125],"texture":"#0","tintindex":0},"west":{"uv":[6.75,4,6.75,5.8125],"texture":"#0","tintindex":0},"up":{"uv":[7,4,6.75,4],"texture":"#0","tintindex":0},"down":{"uv":[7,4,6.75,4],"texture":"#0","tintindex":0}}},{"from":[15.5,7.25,-0.75],"to":[16.5,7.25,3.25],"rotation":{"angle":-45,"axis":"y","origin":[16,0,0]},"faces":{"north":{"uv":[7,4,6.75,4],"texture":"#0","tintindex":0},"east":{"uv":[7.75,4,6.75,4],"texture":"#0","tintindex":0},"south":{"uv":[7,4,6.75,4],"texture":"#0","tintindex":0},"west":{"uv":[7.75,4,6.75,4],"texture":"#0","tintindex":0},"up":{"uv":[7,4,6.75,5],"texture":"#0","tintindex":0},"down":{"uv":[7,4,6.75,5],"texture":"#0","tintindex":0}}},{"from":[15.25,1,7],"to":[15.25,3,9],"faces":{"north":{"uv":[14.25,0.5,14.25,1],"texture":"#0","tintindex":0},"east":{"uv":[14.25,0.5,14.75,1],"texture":"#0","tintindex":0},"south":{"uv":[14.25,0.5,14.25,1],"texture":"#0","tintindex":0},"west":{"uv":[14.25,0.5,14.75,1],"texture":"#0","tintindex":0},"up":{"uv":[0,0,0,0.5],"texture":"#0","tintindex":0},"down":{"uv":[0,0,0,0.5],"texture":"#0","tintindex":0}}},{"from":[7,1,15.25],"to":[9,3,15.25],"rotation":{"angle":0,"axis":"y","origin":[8,2,8]},"faces":{"north":{"uv":[14.25,0.5,14.75,1],"texture":"#0","tintindex":0},"east":{"uv":[14.25,0.5,14.25,1],"texture":"#0","tintindex":0},"south":{"uv":[14.25,0.5,14.75,1],"texture":"#0","tintindex":0},"west":{"uv":[14.25,0.5,14.25,1],"texture":"#0","tintindex":0},"up":{"uv":[0,0,0,0.5],"rotation":270,"texture":"#0","tintindex":0},"down":{"uv":[0,0,0,0.5],"rotation":90,"texture":"#0","tintindex":0}}},{"from":[0.75,1,7],"to":[0.75,3,9],"rotation":{"angle":0,"axis":"y","origin":[16,0,0]},"faces":{"north":{"uv":[14.25,0.5,14.25,1],"texture":"#0","tintindex":0},"east":{"uv":[14.75,0.5,14.25,1],"texture":"#0","tintindex":0},"south":{"uv":[14.25,0.5,14.25,1],"texture":"#0","tintindex":0},"west":{"uv":[14.75,0.5,14.25,1],"texture":"#0","tintindex":0},"up":{"uv":[0,0,0,0.5],"texture":"#0","tintindex":0},"down":{"uv":[0,0,0,0.5],"texture":"#0","tintindex":0}}},{"from":[7,1,0.75],"to":[9,3,0.75],"rotation":{"angle":0,"axis":"y","origin":[8,2,8]},"faces":{"north":{"uv":[14.25,0.5,14.75,1],"texture":"#0","tintindex":0},"east":{"uv":[14.25,0.5,14.25,1],"texture":"#0","tintindex":0},"south":{"uv":[14.25,0.5,14.75,1],"texture":"#0","tintindex":0},"west":{"uv":[14.25,0.5,14.25,1],"texture":"#0","tintindex":0},"up":{"uv":[0,0,0,0.5],"rotation":270,"texture":"#0","tintindex":0},"down":{"uv":[0,0,0,0.5],"rotation":90,"texture":"#0","tintindex":0}}},{"from":[0,-0.02,15.35],"to":[6,6.98,20.35],"rotation":{"angle":45,"axis":"y","origin":[-2,3.5,17.5]},"faces":{"north":{"uv":[0,7,1.5,8.75],"texture":"#0"},"east":{"uv":[8,9.5,9.25,11.25],"texture":"#0"},"south":{"uv":[1.5,7,0,8.75],"texture":"#0"},"west":{"uv":[4.25,9.5,5.5,11.25],"texture":"#0"},"up":{"uv":[11.5,4.75,10,3.5],"texture":"#0"},"down":{"uv":[2,6,1.5,6.5],"texture":"#0"}}},{"from":[2,7,2],"to":[14,9,14],"rotation":{"angle":0,"axis":"y","origin":[8,11,8]},"faces":{"north":{"uv":[1.5,3,3,3.25],"texture":"#1"},"east":{"uv":[1.5,3,3,3.25],"texture":"#1"},"south":{"uv":[1.5,3,3,3.25],"texture":"#1"},"west":{"uv":[1.5,3,3,3.25],"texture":"#1"},"up":{"uv":[1.5,4.5,0,3],"texture":"#1"},"down":{"uv":[1.5,4.5,0,6],"texture":"#1"}}},{"from":[2,9,2],"to":[4,12,14],"rotation":{"angle":0,"axis":"y","origin":[8,11,8]},"faces":{"north":{"uv":[4.75,3,5,3.375],"texture":"#1"},"east":{"uv":[1.5,3.75,3,4.125],"texture":"#1"},"south":{"uv":[3.5,3,3.75,3.375],"texture":"#1"},"west":{"uv":[3.5,3,5,3.375],"texture":"#1"},"up":{"uv":[2.75,5.625,2.5,4.125],"texture":"#1"},"down":{"uv":[2.75,4.125,2.5,5.625],"texture":"#1"}}},{"from":[4,9,2],"to":[12,12,4],"rotation":{"angle":0,"axis":"y","origin":[8,11,8]},"faces":{"north":{"uv":[3.75,3,4.75,3.375],"texture":"#1"},"east":{"uv":[1.875,4.125,2.125,4.5],"texture":"#1"},"south":{"uv":[1.75,3.75,2.75,4.125],"texture":"#1"},"west":{"uv":[2.125,4.125,2.375,4.5],"texture":"#1"},"up":{"uv":[2.5,3.5,1.5,3.25],"texture":"#1"},"down":{"uv":[2.5,3.5,1.5,3.75],"texture":"#1"}}},{"from":[4,9,12],"to":[12,12,14],"rotation":{"angle":0,"axis":"y","origin":[8,11,8]},"faces":{"north":{"uv":[1.75,3.75,2.75,4.125],"texture":"#1"},"east":{"uv":[1.75,4.125,2,4.5],"texture":"#1"},"south":{"uv":[3.75,3,4.75,3.375],"texture":"#1"},"west":{"uv":[2,4.125,2.25,4.5],"texture":"#1"},"up":{"uv":[3.5,3.5,2.5,3.25],"texture":"#1"},"down":{"uv":[3.5,3.25,2.5,3.5],"texture":"#1"}}},{"from":[4,11,6.5],"to":[12,12,9.5],"rotation":{"angle":0,"axis":"y","origin":[8,11,8]},"faces":{"north":{"uv":[1.5,4.5,2.5,4.625],"texture":"#1"},"east":{"uv":[2,4.25,2.375,4.375],"texture":"#1"},"south":{"uv":[1.5,4.5,2.5,4.625],"texture":"#1"},"west":{"uv":[1.625,4.125,2,4.25],"texture":"#1"},"up":{"uv":[4.5,3.75,3.5,3.375],"texture":"#1"},"down":{"uv":[2.5,4.125,1.5,4.5],"texture":"#1"}}},{"from":[12,9,2],"to":[14,12,14],"rotation":{"angle":0,"axis":"y","origin":[8,11,8]},"faces":{"north":{"uv":[3.5,3,3.75,3.375],"texture":"#1"},"east":{"uv":[3.5,3,5,3.375],"texture":"#1"},"south":{"uv":[4.75,3,5,3.375],"texture":"#1"},"west":{"uv":[1.5,3.75,3,4.125],"texture":"#1"},"up":{"uv":[2.5,5.625,2.75,4.125],"texture":"#1"},"down":{"uv":[2.75,4.125,2.5,5.625],"texture":"#1"}}},{"from":[3.5,-3,3.5],"to":[12.5,8,12.5],"rotation":{"angle":0,"axis":"y","origin":[8,11,8]},"faces":{"north":{"uv":[2.75,4.125,3.875,5.5],"texture":"#1"},"east":{"uv":[2.75,4.125,3.875,5.5],"texture":"#1"},"south":{"uv":[2.75,4.125,3.875,5.5],"texture":"#1"},"west":{"uv":[2.75,4.125,3.875,5.5],"texture":"#1"},"up":{"uv":[2.75,4.25,3.875,5.375],"texture":"#1"},"down":{"uv":[2.75,4.25,3.875,5.375],"texture":"#1"}}},{"from":[6.5,-3,3.25],"to":[9.5,8,3.25],"rotation":{"angle":0,"axis":"y","origin":[8,11,8]},"faces":{"north":{"uv":[2.125,4.625,2.5,6],"texture":"#1","tintindex":0},"east":{"uv":[2.125,4.625,2.5,6],"texture":"#1","tintindex":0},"south":{"uv":[2.125,4.625,2.5,6],"texture":"#1","tintindex":0},"west":{"uv":[2.125,4.625,2.5,6],"texture":"#1","tintindex":0},"up":{"uv":[2.125,4.625,2.5,6],"texture":"#1"},"down":{"uv":[2.125,4.625,2.5,6],"texture":"#1"}}},{"from":[6.5,-3,12.75],"to":[9.5,8,12.75],"rotation":{"angle":0,"axis":"y","origin":[8,11,8]},"faces":{"north":{"uv":[2.5,4.625,2.125,6],"texture":"#1","tintindex":0},"east":{"uv":[2.5,4.625,2.125,6],"texture":"#1","tintindex":0},"south":{"uv":[2.5,4.625,2.125,6],"texture":"#1","tintindex":0},"west":{"uv":[2.5,4.625,2.125,6],"texture":"#1","tintindex":0},"up":{"uv":[2.5,4.625,2.125,6],"texture":"#1"},"down":{"uv":[2.5,4.625,2.125,6],"texture":"#1"}}},{"from":[12.75,-3,6.5],"to":[12.75,8,9.5],"rotation":{"angle":0,"axis":"y","origin":[8,11,8]},"faces":{"north":{"uv":[2.125,4.625,2.125,6],"texture":"#1","tintindex":0},"east":{"uv":[2.125,4.625,2.5,6],"texture":"#1","tintindex":0},"south":{"uv":[2.125,4.625,2.125,6],"texture":"#1","tintindex":0},"west":{"uv":[2.125,4.625,2.5,6],"texture":"#1","tintindex":0},"up":{"uv":[2.125,4.625,2.125,6],"texture":"#1"},"down":{"uv":[2.125,4.625,2.125,6],"texture":"#1"}}},{"from":[3.25,-3,6.5],"to":[3.25,8,9.5],"rotation":{"angle":0,"axis":"y","origin":[8,11,8]},"faces":{"north":{"uv":[2.125,4.625,2.125,6],"texture":"#1","tintindex":0},"east":{"uv":[2.125,4.625,2.5,6],"texture":"#1","tintindex":0},"south":{"uv":[2.125,4.625,2.125,6],"texture":"#1","tintindex":0},"west":{"uv":[2.125,4.625,2.5,6],"texture":"#1","tintindex":0},"up":{"uv":[2.125,4.625,2.125,6],"texture":"#1"},"down":{"uv":[2.125,4.625,2.125,6],"texture":"#1"}}},{"from":[8,9,-2],"to":[8,12,2],"rotation":{"angle":0,"axis":"y","origin":[8,11,8]},"faces":{"north":{"uv":[3,3.5,3.5,3.875],"texture":"#1","tintindex":0},"east":{"uv":[3,3.5,3.5,3.875],"texture":"#1","tintindex":0},"south":{"uv":[3,3.5,3.5,3.875],"texture":"#1","tintindex":0},"west":{"uv":[3.5,3.5,3,3.875],"texture":"#1","tintindex":0},"up":{"uv":[3,3.5,3.5,3.875],"texture":"#1"},"down":{"uv":[3,3.5,3.5,3.875],"texture":"#1"}}},{"from":[8,-4,-5],"to":[8,12,2],"rotation":{"angle":0,"axis":"y","origin":[8,11,8]},"faces":{"north":{"uv":[3.875,3.75,3.875,5.75],"texture":"#1","tintindex":0},"east":{"uv":[4.75,3.75,3.875,5.75],"texture":"#1","tintindex":0},"south":{"uv":[3.875,3.75,3.875,5.75],"texture":"#1","tintindex":0},"west":{"uv":[3.875,3.75,4.75,5.75],"texture":"#1","tintindex":0},"up":{"uv":[0,3,0.875,3],"rotation":270,"texture":"#1"},"down":{"uv":[0,3,0.875,3],"rotation":90,"texture":"#1"}}},{"from":[8,-4,14],"to":[8,12,21],"rotation":{"angle":0,"axis":"y","origin":[8,11,8]},"faces":{"north":{"uv":[3.875,3.75,3.875,5.75],"texture":"#1","tintindex":0},"east":{"uv":[3.875,3.75,4.75,5.75],"texture":"#1","tintindex":0},"south":{"uv":[3.875,3.75,3.875,5.75],"texture":"#1","tintindex":0},"west":{"uv":[4.75,3.75,3.875,5.75],"texture":"#1","tintindex":0},"up":{"uv":[0,3,0.875,3],"rotation":270,"texture":"#1"},"down":{"uv":[0,3,0.875,3],"rotation":90,"texture":"#1"}}},{"from":[-5,-4,8],"to":[2,12,8],"rotation":{"angle":0,"axis":"y","origin":[8,11,8]},"faces":{"north":{"uv":[4.75,3.75,3.875,5.75],"texture":"#1","tintindex":0},"east":{"uv":[3.875,3.75,3.875,5.75],"texture":"#1","tintindex":0},"south":{"uv":[3.875,3.75,4.75,5.75],"texture":"#1","tintindex":0},"west":{"uv":[3.875,3.75,3.875,5.75],"texture":"#1","tintindex":0},"up":{"uv":[0,3,0.875,3],"texture":"#1"},"down":{"uv":[0,3,0.875,3],"texture":"#1"}}},{"from":[14,-4,8],"to":[21,12,8],"rotation":{"angle":0,"axis":"y","origin":[8,11,8]},"faces":{"north":{"uv":[3.875,3.75,4.75,5.75],"texture":"#1","tintindex":0},"east":{"uv":[3.875,3.75,3.875,5.75],"texture":"#1","tintindex":0},"south":{"uv":[4.75,3.75,3.875,5.75],"texture":"#1","tintindex":0},"west":{"uv":[3.875,3.75,3.875,5.75],"texture":"#1","tintindex":0},"up":{"uv":[0,3,0.875,3],"texture":"#1"},"down":{"uv":[0,3,0.875,3],"texture":"#1"}}},{"from":[8,9,14],"to":[8,12,18],"rotation":{"angle":0,"axis":"y","origin":[8,11,8]},"faces":{"north":{"uv":[3,3.5,3.5,3.875],"texture":"#1","tintindex":0},"east":{"uv":[3.5,3.5,3,3.875],"texture":"#1","tintindex":0},"south":{"uv":[3,3.5,3.5,3.875],"texture":"#1","tintindex":0},"west":{"uv":[3,3.5,3.5,3.875],"texture":"#1","tintindex":0},"up":{"uv":[3,3.5,3.5,3.875],"texture":"#1"},"down":{"uv":[3,3.5,3.5,3.875],"texture":"#1"}}},{"from":[-2,9,8],"to":[2,12,8],"rotation":{"angle":0,"axis":"y","origin":[8,11,8]},"faces":{"north":{"uv":[3,3.5,3.5,3.875],"texture":"#1","tintindex":0},"east":{"uv":[3,3.5,3,3.875],"texture":"#1","tintindex":0},"south":{"uv":[3,3.5,3.5,3.875],"texture":"#1","tintindex":0},"west":{"uv":[3,3.5,3,3.875],"texture":"#1","tintindex":0},"up":{"uv":[3,3.5,3.5,3.5],"texture":"#1"},"down":{"uv":[3,3.5,3.5,3.5],"texture":"#1"}}},{"from":[14,9,8],"to":[18,12,8],"rotation":{"angle":0,"axis":"y","origin":[8,11,8]},"faces":{"north":{"uv":[3.5,3.5,3,3.875],"texture":"#1","tintindex":0},"east":{"uv":[3,3.5,3,3.875],"texture":"#1","tintindex":0},"south":{"uv":[3,3.5,3.5,3.875],"texture":"#1","tintindex":0},"west":{"uv":[3,3.5,3,3.875],"texture":"#1","tintindex":0},"up":{"uv":[3,3.5,3.5,3.5],"texture":"#1"},"down":{"uv":[3,3.5,3.5,3.5],"texture":"#1"}}},{"from":[0,9,2],"to":[12,11,14],"rotation":{"angle":22.5,"axis":"z","origin":[8,9,8]},"faces":{"north":{"uv":[1.5,6,3,6.25],"texture":"#1"},"east":{"uv":[1.5,6,3,6.25],"texture":"#1"},"south":{"uv":[1.5,6,3,6.25],"texture":"#1"},"west":{"uv":[1.5,6,3,6.25],"texture":"#1"},"up":{"uv":[1.5,7.5,0,6],"rotation":270,"texture":"#1"},"down":{"uv":[1.5,7.5,0,9],"rotation":90,"texture":"#1"}}},{"from":[0,11,12],"to":[12,14,14],"rotation":{"angle":22.5,"axis":"z","origin":[8,9,8]},"faces":{"north":{"uv":[1.5,6.75,3,7.125],"texture":"#1"},"east":{"uv":[3.5,6,3.75,6.375],"texture":"#1"},"south":{"uv":[3.5,6,5,6.375],"texture":"#1"},"west":{"uv":[4.75,6,5,6.375],"texture":"#1"},"up":{"uv":[2.75,8.625,2.5,7.125],"rotation":270,"texture":"#1"},"down":{"uv":[2.75,7.125,2.5,8.625],"rotation":90,"texture":"#1"}}},{"from":[0,11,4],"to":[2,14,12],"rotation":{"angle":22.5,"axis":"z","origin":[8,9,8]},"faces":{"north":{"uv":[1.875,7.125,2.125,7.5],"texture":"#1"},"east":{"uv":[1.75,6.75,2.75,7.125],"texture":"#1"},"south":{"uv":[2.125,7.125,2.375,7.5],"texture":"#1"},"west":{"uv":[3.75,6,4.75,6.375],"texture":"#1"},"up":{"uv":[2.5,6.5,1.5,6.25],"rotation":270,"texture":"#1"},"down":{"uv":[2.5,6.5,1.5,6.75],"rotation":90,"texture":"#1"}}},{"from":[10,11,4],"to":[12,14,12],"rotation":{"angle":22.5,"axis":"z","origin":[8,9,8]},"faces":{"north":{"uv":[1.75,7.125,2,7.5],"texture":"#1"},"east":{"uv":[3.75,6,4.75,6.375],"texture":"#1"},"south":{"uv":[2,7.125,2.25,7.5],"texture":"#1"},"west":{"uv":[1.75,6.75,2.75,7.125],"texture":"#1"},"up":{"uv":[3.5,6.5,2.5,6.25],"rotation":270,"texture":"#1"},"down":{"uv":[3.5,6.25,2.5,6.5],"rotation":90,"texture":"#1"}}},{"from":[4.5,13,4],"to":[7.5,14,12],"rotation":{"angle":22.5,"axis":"z","origin":[8,9,8]},"faces":{"north":{"uv":[2,7.25,2.375,7.375],"texture":"#1"},"east":{"uv":[1.5,7.5,2.5,7.625],"texture":"#1"},"south":{"uv":[1.625,7.125,2,7.25],"texture":"#1"},"west":{"uv":[1.5,7.5,2.5,7.625],"texture":"#1"},"up":{"uv":[4.5,6.75,3.5,6.375],"rotation":270,"texture":"#1"},"down":{"uv":[2.5,7.125,1.5,7.5],"rotation":90,"texture":"#1"}}},{"from":[0,11,2],"to":[12,14,4],"rotation":{"angle":22.5,"axis":"z","origin":[8,9,8]},"faces":{"north":{"uv":[3.5,6,5,6.375],"texture":"#1"},"east":{"uv":[4.75,6,5,6.375],"texture":"#1"},"south":{"uv":[1.5,6.75,3,7.125],"texture":"#1"},"west":{"uv":[3.5,6,3.75,6.375],"texture":"#1"},"up":{"uv":[2.5,8.625,2.75,7.125],"rotation":270,"texture":"#1"},"down":{"uv":[2.75,7.125,2.5,8.625],"rotation":90,"texture":"#1"}}},{"from":[1.5,-1,3.5],"to":[10.5,10,12.5],"rotation":{"angle":22.5,"axis":"z","origin":[8,9,8]},"faces":{"north":{"uv":[2.75,7.125,3.875,8.5],"texture":"#1"},"east":{"uv":[2.75,7.125,3.875,8.5],"texture":"#1"},"south":{"uv":[2.75,7.125,3.875,8.5],"texture":"#1"},"west":{"uv":[2.75,7.125,3.875,8.5],"texture":"#1"},"up":{"uv":[2.75,7.25,3.875,8.375],"rotation":270,"texture":"#1"},"down":{"uv":[2.75,7.25,3.875,8.375],"rotation":90,"texture":"#1"}}},{"from":[1.25,-1,6.5],"to":[1.25,10,9.5],"rotation":{"angle":22.5,"axis":"z","origin":[8,9,8]},"faces":{"north":{"uv":[2.125,7.625,2.5,9],"texture":"#1","tintindex":0},"east":{"uv":[2.125,7.625,2.5,9],"texture":"#1","tintindex":0},"south":{"uv":[2.125,7.625,2.5,9],"texture":"#1","tintindex":0},"west":{"uv":[2.125,7.625,2.5,9],"texture":"#1","tintindex":0},"up":{"uv":[2.125,7.625,2.5,9],"rotation":270,"texture":"#1"},"down":{"uv":[2.125,7.625,2.5,9],"rotation":90,"texture":"#1"}}},{"from":[10.75,-1,6.5],"to":[10.75,10,9.5],"rotation":{"angle":22.5,"axis":"z","origin":[8,9,8]},"faces":{"north":{"uv":[2.5,7.625,2.125,9],"texture":"#1","tintindex":0},"east":{"uv":[2.5,7.625,2.125,9],"texture":"#1","tintindex":0},"south":{"uv":[2.5,7.625,2.125,9],"texture":"#1","tintindex":0},"west":{"uv":[2.5,7.625,2.125,9],"texture":"#1","tintindex":0},"up":{"uv":[2.5,7.625,2.125,9],"rotation":270,"texture":"#1"},"down":{"uv":[2.5,7.625,2.125,9],"rotation":90,"texture":"#1"}}},{"from":[4.5,-1,3.25],"to":[7.5,10,3.25],"rotation":{"angle":22.5,"axis":"z","origin":[8,9,8]},"faces":{"north":{"uv":[2.125,7.625,2.5,9],"texture":"#1","tintindex":0},"east":{"uv":[2.125,7.625,2.125,9],"texture":"#1","tintindex":0},"south":{"uv":[2.125,7.625,2.5,9],"texture":"#1","tintindex":0},"west":{"uv":[2.125,7.625,2.125,9],"texture":"#1","tintindex":0},"up":{"uv":[2.125,7.625,2.125,9],"rotation":270,"texture":"#1"},"down":{"uv":[2.125,7.625,2.125,9],"rotation":90,"texture":"#1"}}},{"from":[4.5,-1,12.75],"to":[7.5,10,12.75],"rotation":{"angle":22.5,"axis":"z","origin":[8,9,8]},"faces":{"north":{"uv":[2.125,7.625,2.5,9],"texture":"#1","tintindex":0},"east":{"uv":[2.125,7.625,2.125,9],"texture":"#1","tintindex":0},"south":{"uv":[2.125,7.625,2.5,9],"texture":"#1","tintindex":0},"west":{"uv":[2.125,7.625,2.125,9],"texture":"#1","tintindex":0},"up":{"uv":[2.125,7.625,2.125,9],"rotation":270,"texture":"#1"},"down":{"uv":[2.125,7.625,2.125,9],"rotation":90,"texture":"#1"}}},{"from":[-4,11,8],"to":[0,14,8],"rotation":{"angle":22.5,"axis":"z","origin":[8,9,8]},"faces":{"north":{"uv":[3,6.5,3.5,6.875],"texture":"#1","tintindex":0},"east":{"uv":[3,6.5,3.5,6.875],"texture":"#1","tintindex":0},"south":{"uv":[3.5,6.5,3,6.875],"texture":"#1","tintindex":0},"west":{"uv":[3,6.5,3.5,6.875],"texture":"#1","tintindex":0},"up":{"uv":[3,6.5,3.5,6.875],"rotation":270,"texture":"#1"},"down":{"uv":[3,6.5,3.5,6.875],"rotation":90,"texture":"#1"}}},{"from":[-7,-2,8],"to":[0,14,8],"rotation":{"angle":22.5,"axis":"z","origin":[8,9,8]},"faces":{"north":{"uv":[4.75,6.75,3.875,8.75],"texture":"#1","tintindex":0},"east":{"uv":[3.875,6.75,3.875,8.75],"texture":"#1","tintindex":0},"south":{"uv":[3.875,6.75,4.75,8.75],"texture":"#1","tintindex":0},"west":{"uv":[3.875,6.75,3.875,8.75],"texture":"#1","tintindex":0},"up":{"uv":[0,6,0.875,6],"rotation":180,"texture":"#1"},"down":{"uv":[0,6,0.875,6],"rotation":180,"texture":"#1"}}},{"from":[12,-2,8],"to":[19,14,8],"rotation":{"angle":22.5,"axis":"z","origin":[8,9,8]},"faces":{"north":{"uv":[3.875,6.75,4.75,8.75],"texture":"#1","tintindex":0},"east":{"uv":[3.875,6.75,3.875,8.75],"texture":"#1","tintindex":0},"south":{"uv":[4.75,6.75,3.875,8.75],"texture":"#1","tintindex":0},"west":{"uv":[3.875,6.75,3.875,8.75],"texture":"#1","tintindex":0},"up":{"uv":[0,6,0.875,6],"rotation":180,"texture":"#1"},"down":{"uv":[0,6,0.875,6],"rotation":180,"texture":"#1"}}},{"from":[6,-2,14],"to":[6,14,21],"rotation":{"angle":22.5,"axis":"z","origin":[8,9,8]},"faces":{"north":{"uv":[3.875,6.75,3.875,8.75],"texture":"#1","tintindex":0},"east":{"uv":[3.875,6.75,4.75,8.75],"texture":"#1","tintindex":0},"south":{"uv":[3.875,6.75,3.875,8.75],"texture":"#1","tintindex":0},"west":{"uv":[4.75,6.75,3.875,8.75],"texture":"#1","tintindex":0},"up":{"uv":[0,6,0.875,6],"rotation":270,"texture":"#1"},"down":{"uv":[0,6,0.875,6],"rotation":90,"texture":"#1"}}},{"from":[6,-2,-5],"to":[6,14,2],"rotation":{"angle":22.5,"axis":"z","origin":[8,9,8]},"faces":{"north":{"uv":[3.875,6.75,3.875,8.75],"texture":"#1","tintindex":0},"east":{"uv":[4.75,6.75,3.875,8.75],"texture":"#1","tintindex":0},"south":{"uv":[3.875,6.75,3.875,8.75],"texture":"#1","tintindex":0},"west":{"uv":[3.875,6.75,4.75,8.75],"texture":"#1","tintindex":0},"up":{"uv":[0,6,0.875,6],"rotation":270,"texture":"#1"},"down":{"uv":[0,6,0.875,6],"rotation":90,"texture":"#1"}}},{"from":[12,11,8],"to":[16,14,8],"rotation":{"angle":22.5,"axis":"z","origin":[8,9,8]},"faces":{"north":{"uv":[3.5,6.5,3,6.875],"texture":"#1","tintindex":0},"east":{"uv":[3,6.5,3.5,6.875],"texture":"#1","tintindex":0},"south":{"uv":[3,6.5,3.5,6.875],"texture":"#1","tintindex":0},"west":{"uv":[3,6.5,3.5,6.875],"texture":"#1","tintindex":0},"up":{"uv":[3,6.5,3.5,6.875],"rotation":270,"texture":"#1"},"down":{"uv":[3,6.5,3.5,6.875],"rotation":90,"texture":"#1"}}},{"from":[6,11,14],"to":[6,14,18],"rotation":{"angle":22.5,"axis":"z","origin":[8,9,8]},"faces":{"north":{"uv":[3,6.5,3,6.875],"texture":"#1","tintindex":0},"east":{"uv":[3,6.5,3.5,6.875],"texture":"#1","tintindex":0},"south":{"uv":[3,6.5,3,6.875],"texture":"#1","tintindex":0},"west":{"uv":[3,6.5,3.5,6.875],"texture":"#1","tintindex":0},"up":{"uv":[3,6.5,3.5,6.5],"rotation":270,"texture":"#1"},"down":{"uv":[3,6.5,3.5,6.5],"rotation":90,"texture":"#1"}}},{"from":[6,11,-2],"to":[6,14,2],"rotation":{"angle":22.5,"axis":"z","origin":[8,9,8]},"faces":{"north":{"uv":[3,6.5,3,6.875],"texture":"#1","tintindex":0},"east":{"uv":[3,6.5,3.5,6.875],"texture":"#1","tintindex":0},"south":{"uv":[3,6.5,3,6.875],"texture":"#1","tintindex":0},"west":{"uv":[3.5,6.5,3,6.875],"texture":"#1","tintindex":0},"up":{"uv":[3,6.5,3.5,6.5],"rotation":270,"texture":"#1"},"down":{"uv":[3,6.5,3.5,6.5],"rotation":90,"texture":"#1"}}},{"from":[2,9,2],"to":[14,11,14],"rotation":{"angle":0,"axis":"y","origin":[8,7,8]},"faces":{"north":{"uv":[1.5,9,3,9.25],"texture":"#1"},"east":{"uv":[1.5,9,3,9.25],"texture":"#1"},"south":{"uv":[1.5,9,3,9.25],"texture":"#1"},"west":{"uv":[1.5,9,3,9.25],"texture":"#1"},"up":{"uv":[1.5,10.5,0,9],"rotation":270,"texture":"#1"},"down":{"uv":[1.5,10.5,0,12],"rotation":90,"texture":"#1"}}},{"from":[2,11,12],"to":[14,14,14],"rotation":{"angle":0,"axis":"y","origin":[8,7,8]},"faces":{"north":{"uv":[1.5,9.75,3,10.125],"texture":"#1"},"east":{"uv":[3.5,9,3.75,9.375],"texture":"#1"},"south":{"uv":[3.5,9,5,9.375],"texture":"#1"},"west":{"uv":[4.75,9,5,9.375],"texture":"#1"},"up":{"uv":[2.75,11.625,2.5,10.125],"rotation":270,"texture":"#1"},"down":{"uv":[2.75,10.125,2.5,11.625],"rotation":90,"texture":"#1"}}},{"from":[2,11,4],"to":[4,14,12],"rotation":{"angle":0,"axis":"y","origin":[8,7,8]},"faces":{"north":{"uv":[1.875,10.125,2.125,10.5],"texture":"#1"},"east":{"uv":[1.75,9.75,2.75,10.125],"texture":"#1"},"south":{"uv":[2.125,10.125,2.375,10.5],"texture":"#1"},"west":{"uv":[3.75,9,4.75,9.375],"texture":"#1"},"up":{"uv":[2.5,9.5,1.5,9.25],"rotation":270,"texture":"#1"},"down":{"uv":[2.5,9.5,1.5,9.75],"rotation":90,"texture":"#1"}}},{"from":[12,11,4],"to":[14,14,12],"rotation":{"angle":0,"axis":"y","origin":[8,7,8]},"faces":{"north":{"uv":[1.75,10.125,2,10.5],"texture":"#1"},"east":{"uv":[3.75,9,4.75,9.375],"texture":"#1"},"south":{"uv":[2,10.125,2.25,10.5],"texture":"#1"},"west":{"uv":[1.75,9.75,2.75,10.125],"texture":"#1"},"up":{"uv":[3.5,9.5,2.5,9.25],"rotation":270,"texture":"#1"},"down":{"uv":[3.5,9.25,2.5,9.5],"rotation":90,"texture":"#1"}}},{"from":[6.5,13,4],"to":[9.5,14,12],"rotation":{"angle":0,"axis":"y","origin":[8,7,8]},"faces":{"north":{"uv":[2,10.25,2.375,10.375],"texture":"#1"},"east":{"uv":[1.5,10.5,2.5,10.625],"texture":"#1"},"south":{"uv":[1.625,10.125,2,10.25],"texture":"#1"},"west":{"uv":[1.5,10.5,2.5,10.625],"texture":"#1"},"up":{"uv":[4.5,9.75,3.5,9.375],"rotation":270,"texture":"#1"},"down":{"uv":[2.5,10.125,1.5,10.5],"rotation":90,"texture":"#1"}}},{"from":[2,11,2],"to":[14,14,4],"rotation":{"angle":0,"axis":"y","origin":[8,7,8]},"faces":{"north":{"uv":[3.5,9,5,9.375],"texture":"#1"},"east":{"uv":[4.75,9,5,9.375],"texture":"#1"},"south":{"uv":[1.5,9.75,3,10.125],"texture":"#1"},"west":{"uv":[3.5,9,3.75,9.375],"texture":"#1"},"up":{"uv":[2.5,11.625,2.75,10.125],"rotation":270,"texture":"#1"},"down":{"uv":[2.75,10.125,2.5,11.625],"rotation":90,"texture":"#1"}}},{"from":[3.5,-1,3.5],"to":[12.5,10,12.5],"rotation":{"angle":0,"axis":"y","origin":[8,7,8]},"faces":{"north":{"uv":[2.75,10.125,3.875,11.5],"texture":"#1"},"east":{"uv":[2.75,10.125,3.875,11.5],"texture":"#1"},"south":{"uv":[2.75,10.125,3.875,11.5],"texture":"#1"},"west":{"uv":[2.75,10.125,3.875,11.5],"texture":"#1"},"up":{"uv":[2.75,10.25,3.875,11.375],"rotation":270,"texture":"#1"},"down":{"uv":[2.75,10.25,3.875,11.375],"rotation":90,"texture":"#1"}}},{"from":[3.25,-1,6.5],"to":[3.25,10,9.5],"rotation":{"angle":0,"axis":"y","origin":[8,7,8]},"faces":{"north":{"uv":[2.125,10.625,2.5,12],"texture":"#1","tintindex":0},"east":{"uv":[2.125,10.625,2.5,12],"texture":"#1","tintindex":0},"south":{"uv":[2.125,10.625,2.5,12],"texture":"#1","tintindex":0},"west":{"uv":[2.125,10.625,2.5,12],"texture":"#1","tintindex":0},"up":{"uv":[2.125,10.625,2.5,12],"rotation":270,"texture":"#1"},"down":{"uv":[2.125,10.625,2.5,12],"rotation":90,"texture":"#1"}}},{"from":[12.75,-1,6.5],"to":[12.75,10,9.5],"rotation":{"angle":0,"axis":"y","origin":[8,7,8]},"faces":{"north":{"uv":[2.5,10.625,2.125,12],"texture":"#1","tintindex":0},"east":{"uv":[2.5,10.625,2.125,12],"texture":"#1","tintindex":0},"south":{"uv":[2.5,10.625,2.125,12],"texture":"#1","tintindex":0},"west":{"uv":[2.5,10.625,2.125,12],"texture":"#1","tintindex":0},"up":{"uv":[2.5,10.625,2.125,12],"rotation":270,"texture":"#1"},"down":{"uv":[2.5,10.625,2.125,12],"rotation":90,"texture":"#1"}}},{"from":[6.5,-1,3.25],"to":[9.5,10,3.25],"rotation":{"angle":0,"axis":"y","origin":[8,7,8]},"faces":{"north":{"uv":[2.125,10.625,2.5,12],"texture":"#1","tintindex":0},"east":{"uv":[2.125,10.625,2.125,12],"texture":"#1","tintindex":0},"south":{"uv":[2.125,10.625,2.5,12],"texture":"#1","tintindex":0},"west":{"uv":[2.125,10.625,2.125,12],"texture":"#1","tintindex":0},"up":{"uv":[2.125,10.625,2.125,12],"rotation":270,"texture":"#1"},"down":{"uv":[2.125,10.625,2.125,12],"rotation":90,"texture":"#1"}}},{"from":[6.5,-1,12.75],"to":[9.5,10,12.75],"rotation":{"angle":0,"axis":"y","origin":[8,7,8]},"faces":{"north":{"uv":[2.125,10.625,2.5,12],"texture":"#1","tintindex":0},"east":{"uv":[2.125,10.625,2.125,12],"texture":"#1","tintindex":0},"south":{"uv":[2.125,10.625,2.5,12],"texture":"#1","tintindex":0},"west":{"uv":[2.125,10.625,2.125,12],"texture":"#1","tintindex":0},"up":{"uv":[2.125,10.625,2.125,12],"rotation":270,"texture":"#1"},"down":{"uv":[2.125,10.625,2.125,12],"rotation":90,"texture":"#1"}}},{"from":[-2,11,8],"to":[2,14,8],"rotation":{"angle":0,"axis":"y","origin":[8,7,8]},"faces":{"north":{"uv":[3,9.5,3.5,9.875],"texture":"#1","tintindex":0},"east":{"uv":[3,9.5,3.5,9.875],"texture":"#1","tintindex":0},"south":{"uv":[3.5,9.5,3,9.875],"texture":"#1","tintindex":0},"west":{"uv":[3,9.5,3.5,9.875],"texture":"#1","tintindex":0},"up":{"uv":[3,9.5,3.5,9.875],"rotation":270,"texture":"#1"},"down":{"uv":[3,9.5,3.5,9.875],"rotation":90,"texture":"#1"}}},{"from":[-5,-2,8],"to":[2,14,8],"rotation":{"angle":0,"axis":"y","origin":[8,7,8]},"faces":{"north":{"uv":[16,14,15.125,16],"texture":"#1","tintindex":0},"east":{"uv":[15.125,14,15.125,16],"texture":"#1","tintindex":0},"south":{"uv":[15.125,14,16,16],"texture":"#1","tintindex":0},"west":{"uv":[15.125,14,15.125,16],"texture":"#1","tintindex":0},"up":{"uv":[0,9,0.875,9],"rotation":180,"texture":"#1"},"down":{"uv":[0,9,0.875,9],"rotation":180,"texture":"#1"}}},{"from":[14,-2,8],"to":[21,14,8],"rotation":{"angle":0,"axis":"y","origin":[8,7,8]},"faces":{"north":{"uv":[15.125,14,16,16],"texture":"#1","tintindex":0},"east":{"uv":[15.125,14,15.125,16],"texture":"#1","tintindex":0},"south":{"uv":[16,14,15.125,16],"texture":"#1","tintindex":0},"west":{"uv":[15.125,14,15.125,16],"texture":"#1","tintindex":0},"up":{"uv":[0,9,0.875,9],"rotation":180,"texture":"#1"},"down":{"uv":[0,9,0.875,9],"rotation":180,"texture":"#1"}}},{"from":[8,-2,14],"to":[8,14,21],"rotation":{"angle":0,"axis":"y","origin":[8,7,8]},"faces":{"north":{"uv":[15.125,14,15.125,16],"texture":"#1","tintindex":0},"east":{"uv":[15.125,14,16,16],"texture":"#1","tintindex":0},"south":{"uv":[15.125,14,15.125,16],"texture":"#1","tintindex":0},"west":{"uv":[16,14,15.125,16],"texture":"#1","tintindex":0},"up":{"uv":[0,9,0.875,9],"rotation":270,"texture":"#1"},"down":{"uv":[0,9,0.875,9],"rotation":90,"texture":"#1"}}},{"from":[8,-2,-5],"to":[8,14,2],"rotation":{"angle":0,"axis":"y","origin":[8,7,8]},"faces":{"north":{"uv":[15.125,14,15.125,16],"texture":"#1","tintindex":0},"east":{"uv":[16,14,15.125,16],"texture":"#1","tintindex":0},"south":{"uv":[15.125,14,15.125,16],"texture":"#1","tintindex":0},"west":{"uv":[15.125,14,16,16],"texture":"#1","tintindex":0},"up":{"uv":[0,9,0.875,9],"rotation":270,"texture":"#1"},"down":{"uv":[0,9,0.875,9],"rotation":90,"texture":"#1"}}},{"from":[14,11,8],"to":[18,14,8],"rotation":{"angle":0,"axis":"y","origin":[8,7,8]},"faces":{"north":{"uv":[3.5,9.5,3,9.875],"texture":"#1","tintindex":0},"east":{"uv":[3,9.5,3.5,9.875],"texture":"#1","tintindex":0},"south":{"uv":[3,9.5,3.5,9.875],"texture":"#1","tintindex":0},"west":{"uv":[3,9.5,3.5,9.875],"texture":"#1","tintindex":0},"up":{"uv":[3,9.5,3.5,9.875],"rotation":270,"texture":"#1"},"down":{"uv":[3,9.5,3.5,9.875],"rotation":90,"texture":"#1"}}},{"from":[8,11,14],"to":[8,14,18],"rotation":{"angle":0,"axis":"y","origin":[8,7,8]},"faces":{"north":{"uv":[3,9.5,3,9.875],"texture":"#1","tintindex":0},"east":{"uv":[3,9.5,3.5,9.875],"texture":"#1","tintindex":0},"south":{"uv":[3,9.5,3,9.875],"texture":"#1","tintindex":0},"west":{"uv":[3,9.5,3.5,9.875],"texture":"#1","tintindex":0},"up":{"uv":[3,9.5,3.5,9.5],"rotation":270,"texture":"#1"},"down":{"uv":[3,9.5,3.5,9.5],"rotation":90,"texture":"#1"}}},{"from":[8,11,-2],"to":[8,14,2],"rotation":{"angle":0,"axis":"y","origin":[8,7,8]},"faces":{"north":{"uv":[3,9.5,3,9.875],"texture":"#1","tintindex":0},"east":{"uv":[3,9.5,3.5,9.875],"texture":"#1","tintindex":0},"south":{"uv":[3,9.5,3,9.875],"texture":"#1","tintindex":0},"west":{"uv":[3.5,9.5,3,9.875],"texture":"#1","tintindex":0},"up":{"uv":[3,9.5,3.5,9.5],"rotation":270,"texture":"#1"},"down":{"uv":[3,9.5,3.5,9.5],"rotation":90,"texture":"#1"}}},{"from":[0.75,8.5,2],"to":[12.75,10.5,14],"rotation":{"angle":-22.5,"axis":"z","origin":[8,3.25,8]},"faces":{"north":{"uv":[1.5,12,3,12.25],"texture":"#1"},"east":{"uv":[1.5,12,3,12.25],"texture":"#1"},"south":{"uv":[1.5,12,3,12.25],"texture":"#1"},"west":{"uv":[1.5,12,3,12.25],"texture":"#1"},"up":{"uv":[1.5,13.5,0,12],"rotation":270,"texture":"#1"},"down":{"uv":[1.5,13.5,0,15],"rotation":90,"texture":"#1"}}},{"from":[0.75,10.5,12],"to":[12.75,13.5,14],"rotation":{"angle":-22.5,"axis":"z","origin":[8,3.25,8]},"faces":{"north":{"uv":[1.5,12.75,3,13.125],"texture":"#1"},"east":{"uv":[3.5,12,3.75,12.375],"texture":"#1"},"south":{"uv":[3.5,12,5,12.375],"texture":"#1"},"west":{"uv":[4.75,12,5,12.375],"texture":"#1"},"up":{"uv":[2.75,14.625,2.5,13.125],"rotation":270,"texture":"#1"},"down":{"uv":[2.75,13.125,2.5,14.625],"rotation":90,"texture":"#1"}}},{"from":[0.75,10.5,4],"to":[2.75,13.5,12],"rotation":{"angle":-22.5,"axis":"z","origin":[8,3.25,8]},"faces":{"north":{"uv":[1.875,13.125,2.125,13.5],"texture":"#1"},"east":{"uv":[1.75,12.75,2.75,13.125],"texture":"#1"},"south":{"uv":[2.125,13.125,2.375,13.5],"texture":"#1"},"west":{"uv":[3.75,12,4.75,12.375],"texture":"#1"},"up":{"uv":[2.5,12.5,1.5,12.25],"rotation":270,"texture":"#1"},"down":{"uv":[2.5,12.5,1.5,12.75],"rotation":90,"texture":"#1"}}},{"from":[10.75,10.5,4],"to":[12.75,13.5,12],"rotation":{"angle":-22.5,"axis":"z","origin":[8,3.25,8]},"faces":{"north":{"uv":[1.75,13.125,2,13.5],"texture":"#1"},"east":{"uv":[3.75,12,4.75,12.375],"texture":"#1"},"south":{"uv":[2,13.125,2.25,13.5],"texture":"#1"},"west":{"uv":[1.75,12.75,2.75,13.125],"texture":"#1"},"up":{"uv":[3.5,12.5,2.5,12.25],"rotation":270,"texture":"#1"},"down":{"uv":[3.5,12.25,2.5,12.5],"rotation":90,"texture":"#1"}}},{"from":[5.25,12.5,4],"to":[8.25,13.5,12],"rotation":{"angle":-22.5,"axis":"z","origin":[8,3.25,8]},"faces":{"north":{"uv":[2,13.25,2.375,13.375],"texture":"#1"},"east":{"uv":[1.5,13.5,2.5,13.625],"texture":"#1"},"south":{"uv":[1.625,13.125,2,13.25],"texture":"#1"},"west":{"uv":[1.5,13.5,2.5,13.625],"texture":"#1"},"up":{"uv":[4.5,12.75,3.5,12.375],"rotation":270,"texture":"#1"},"down":{"uv":[2.5,13.125,1.5,13.5],"rotation":90,"texture":"#1"}}},{"from":[0.75,10.5,2],"to":[12.75,13.5,4],"rotation":{"angle":-22.5,"axis":"z","origin":[8,3.25,8]},"faces":{"north":{"uv":[3.5,12,5,12.375],"texture":"#1"},"east":{"uv":[4.75,12,5,12.375],"texture":"#1"},"south":{"uv":[1.5,12.75,3,13.125],"texture":"#1"},"west":{"uv":[3.5,12,3.75,12.375],"texture":"#1"},"up":{"uv":[2.5,14.625,2.75,13.125],"rotation":270,"texture":"#1"},"down":{"uv":[2.75,13.125,2.5,14.625],"rotation":90,"texture":"#1"}}},{"from":[2.25,-1.5,3.5],"to":[11.25,9.5,12.5],"rotation":{"angle":-22.5,"axis":"z","origin":[8,3.25,8]},"faces":{"north":{"uv":[2.75,13.125,3.875,14.5],"texture":"#1"},"east":{"uv":[2.75,13.125,3.875,14.5],"texture":"#1"},"south":{"uv":[2.75,13.125,3.875,14.5],"texture":"#1"},"west":{"uv":[2.75,13.125,3.875,14.5],"texture":"#1"},"up":{"uv":[2.75,13.25,3.875,14.375],"rotation":270,"texture":"#1"},"down":{"uv":[2.75,13.25,3.875,14.375],"rotation":90,"texture":"#1"}}},{"from":[2,-1.5,6.5],"to":[2,9.5,9.5],"rotation":{"angle":-22.5,"axis":"z","origin":[8,3.25,8]},"faces":{"north":{"uv":[2.125,13.625,2.5,15],"texture":"#1","tintindex":0},"east":{"uv":[2.125,13.625,2.5,15],"texture":"#1","tintindex":0},"south":{"uv":[2.125,13.625,2.5,15],"texture":"#1","tintindex":0},"west":{"uv":[2.125,13.625,2.5,15],"texture":"#1","tintindex":0},"up":{"uv":[2.125,13.625,2.5,15],"rotation":270,"texture":"#1"},"down":{"uv":[2.125,13.625,2.5,15],"rotation":90,"texture":"#1"}}},{"from":[11.5,-1.5,6.5],"to":[11.5,9.5,9.5],"rotation":{"angle":-22.5,"axis":"z","origin":[8,3.25,8]},"faces":{"north":{"uv":[2.5,13.625,2.125,15],"texture":"#1","tintindex":0},"east":{"uv":[2.5,13.625,2.125,15],"texture":"#1","tintindex":0},"south":{"uv":[2.5,13.625,2.125,15],"texture":"#1","tintindex":0},"west":{"uv":[2.5,13.625,2.125,15],"texture":"#1","tintindex":0},"up":{"uv":[2.5,13.625,2.125,15],"rotation":270,"texture":"#1"},"down":{"uv":[2.5,13.625,2.125,15],"rotation":90,"texture":"#1"}}},{"from":[5.25,-1.5,3.25],"to":[8.25,9.5,3.25],"rotation":{"angle":-22.5,"axis":"z","origin":[8,3.25,8]},"faces":{"north":{"uv":[2.125,13.625,2.5,15],"texture":"#1","tintindex":0},"east":{"uv":[2.125,13.625,2.125,15],"texture":"#1","tintindex":0},"south":{"uv":[2.125,13.625,2.5,15],"texture":"#1","tintindex":0},"west":{"uv":[2.125,13.625,2.125,15],"texture":"#1","tintindex":0},"up":{"uv":[2.125,13.625,2.125,15],"rotation":270,"texture":"#1"},"down":{"uv":[2.125,13.625,2.125,15],"rotation":90,"texture":"#1"}}},{"from":[5.25,-1.5,12.75],"to":[8.25,9.5,12.75],"rotation":{"angle":-22.5,"axis":"z","origin":[8,3.25,8]},"faces":{"north":{"uv":[2.125,13.625,2.5,15],"texture":"#1","tintindex":0},"east":{"uv":[2.125,13.625,2.125,15],"texture":"#1","tintindex":0},"south":{"uv":[2.125,13.625,2.5,15],"texture":"#1","tintindex":0},"west":{"uv":[2.125,13.625,2.125,15],"texture":"#1","tintindex":0},"up":{"uv":[2.125,13.625,2.125,15],"rotation":270,"texture":"#1"},"down":{"uv":[2.125,13.625,2.125,15],"rotation":90,"texture":"#1"}}},{"from":[-3.25,10.5,8],"to":[0.75,13.5,8],"rotation":{"angle":-22.5,"axis":"z","origin":[8,3.25,8]},"faces":{"north":{"uv":[3,12.5,3.5,12.875],"texture":"#1","tintindex":0},"east":{"uv":[3,12.5,3.5,12.875],"texture":"#1","tintindex":0},"south":{"uv":[3.5,12.5,3,12.875],"texture":"#1","tintindex":0},"west":{"uv":[3,12.5,3.5,12.875],"texture":"#1","tintindex":0},"up":{"uv":[3,12.5,3.5,12.875],"rotation":270,"texture":"#1"},"down":{"uv":[3,12.5,3.5,12.875],"rotation":90,"texture":"#1"}}},{"from":[-6,-16,8],"to":[1,0,8],"rotation":{"angle":-22.5,"axis":"z","origin":[8,3.25,8]},"faces":{"north":{"uv":[16,14,15.125,16],"texture":"#1","tintindex":0},"east":{"uv":[15.125,14,15.125,16],"texture":"#1","tintindex":0},"south":{"uv":[15.125,14,16,16],"texture":"#1","tintindex":0},"west":{"uv":[15.125,14,15.125,16],"texture":"#1","tintindex":0},"up":{"uv":[0,12,0.875,12],"rotation":180,"texture":"#1"},"down":{"uv":[0,12,0.875,12],"rotation":180,"texture":"#1"}}},{"from":[13,-16,8],"to":[20,0,8],"rotation":{"angle":-22.5,"axis":"z","origin":[8,3.25,8]},"faces":{"north":{"uv":[15.125,14,16,16],"texture":"#1","tintindex":0},"east":{"uv":[15.125,14,15.125,16],"texture":"#1","tintindex":0},"south":{"uv":[16,14,15.125,16],"texture":"#1","tintindex":0},"west":{"uv":[15.125,14,15.125,16],"texture":"#1","tintindex":0},"up":{"uv":[0,12,0.875,12],"rotation":180,"texture":"#1"},"down":{"uv":[0,12,0.875,12],"rotation":180,"texture":"#1"}}},{"from":[7,-16,14],"to":[7,0,21],"rotation":{"angle":-22.5,"axis":"z","origin":[8,3.25,8]},"faces":{"north":{"uv":[15.125,14,15.125,16],"texture":"#1","tintindex":0},"east":{"uv":[15.125,14,16,16],"texture":"#1","tintindex":0},"south":{"uv":[15.125,14,15.125,16],"texture":"#1","tintindex":0},"west":{"uv":[16,14,15.125,16],"texture":"#1","tintindex":0},"up":{"uv":[0,12,0.875,12],"rotation":270,"texture":"#1"},"down":{"uv":[0,12,0.875,12],"rotation":90,"texture":"#1"}}},{"from":[7,-16,-5],"to":[7,0,2],"rotation":{"angle":-22.5,"axis":"z","origin":[8,3.25,8]},"faces":{"north":{"uv":[15.125,14,15.125,16],"texture":"#1","tintindex":0},"east":{"uv":[16,14,15.125,16],"texture":"#1","tintindex":0},"south":{"uv":[15.125,14,15.125,16],"texture":"#1","tintindex":0},"west":{"uv":[15.125,14,16,16],"texture":"#1","tintindex":0},"up":{"uv":[0,12,0.875,12],"rotation":270,"texture":"#1"},"down":{"uv":[0,12,0.875,12],"rotation":90,"texture":"#1"}}},{"from":[12.75,10.5,8],"to":[16.75,13.5,8],"rotation":{"angle":-22.5,"axis":"z","origin":[8,3.25,8]},"faces":{"north":{"uv":[3.5,12.5,3,12.875],"texture":"#1","tintindex":0},"east":{"uv":[3,12.5,3.5,12.875],"texture":"#1","tintindex":0},"south":{"uv":[3,12.5,3.5,12.875],"texture":"#1","tintindex":0},"west":{"uv":[3,12.5,3.5,12.875],"texture":"#1","tintindex":0},"up":{"uv":[3,12.5,3.5,12.875],"rotation":270,"texture":"#1"},"down":{"uv":[3,12.5,3.5,12.875],"rotation":90,"texture":"#1"}}},{"from":[6.75,10.5,14],"to":[6.75,13.5,18],"rotation":{"angle":-22.5,"axis":"z","origin":[8,3.25,8]},"faces":{"north":{"uv":[3,12.5,3,12.875],"texture":"#1","tintindex":0},"east":{"uv":[3,12.5,3.5,12.875],"texture":"#1","tintindex":0},"south":{"uv":[3,12.5,3,12.875],"texture":"#1","tintindex":0},"west":{"uv":[3,12.5,3.5,12.875],"texture":"#1","tintindex":0},"up":{"uv":[3,12.5,3.5,12.5],"rotation":270,"texture":"#1"},"down":{"uv":[3,12.5,3.5,12.5],"rotation":90,"texture":"#1"}}},{"from":[6.75,10.5,-2],"to":[6.75,13.5,2],"rotation":{"angle":-22.5,"axis":"z","origin":[8,3.25,8]},"faces":{"north":{"uv":[3,12.5,3,12.875],"texture":"#1","tintindex":0},"east":{"uv":[3,12.5,3.5,12.875],"texture":"#1","tintindex":0},"south":{"uv":[3,12.5,3,12.875],"texture":"#1","tintindex":0},"west":{"uv":[3.5,12.5,3,12.875],"texture":"#1","tintindex":0},"up":{"uv":[3,12.5,3.5,12.5],"rotation":270,"texture":"#1"},"down":{"uv":[3,12.5,3.5,12.5],"rotation":90,"texture":"#1"}}},{"from":[2,10,2],"to":[14,12,14],"rotation":{"angle":0,"axis":"y","origin":[8,11,8]},"faces":{"north":{"uv":[6.5,0,8,0.25],"texture":"#1"},"east":{"uv":[6.5,0,8,0.25],"texture":"#1"},"south":{"uv":[6.5,0,8,0.25],"texture":"#1"},"west":{"uv":[6.5,0,8,0.25],"texture":"#1"},"up":{"uv":[6.5,1.5,5,0],"rotation":270,"texture":"#1"},"down":{"uv":[6.5,1.5,5,3],"rotation":90,"texture":"#1"}}},{"from":[2,12,12],"to":[14,15,14],"rotation":{"angle":0,"axis":"y","origin":[8,11,8]},"faces":{"north":{"uv":[6.5,0.75,8,1.125],"texture":"#1"},"east":{"uv":[8.5,0,8.75,0.375],"texture":"#1"},"south":{"uv":[8.5,0,10,0.375],"texture":"#1"},"west":{"uv":[9.75,0,10,0.375],"texture":"#1"},"up":{"uv":[7.75,2.625,7.5,1.125],"rotation":270,"texture":"#1"},"down":{"uv":[7.75,1.125,7.5,2.625],"rotation":90,"texture":"#1"}}},{"from":[2,12,4],"to":[4,15,12],"rotation":{"angle":0,"axis":"y","origin":[8,11,8]},"faces":{"north":{"uv":[6.875,1.125,7.125,1.5],"texture":"#1"},"east":{"uv":[6.75,0.75,7.75,1.125],"texture":"#1"},"south":{"uv":[7.125,1.125,7.375,1.5],"texture":"#1"},"west":{"uv":[8.75,0,9.75,0.375],"texture":"#1"},"up":{"uv":[7.5,0.5,6.5,0.25],"rotation":270,"texture":"#1"},"down":{"uv":[7.5,0.5,6.5,0.75],"rotation":90,"texture":"#1"}}},{"from":[12,12,4],"to":[14,15,12],"rotation":{"angle":0,"axis":"y","origin":[8,11,8]},"faces":{"north":{"uv":[6.75,1.125,7,1.5],"texture":"#1"},"east":{"uv":[8.75,0,9.75,0.375],"texture":"#1"},"south":{"uv":[7,1.125,7.25,1.5],"texture":"#1"},"west":{"uv":[6.75,0.75,7.75,1.125],"texture":"#1"},"up":{"uv":[8.5,0.5,7.5,0.25],"rotation":270,"texture":"#1"},"down":{"uv":[8.5,0.25,7.5,0.5],"rotation":90,"texture":"#1"}}},{"from":[6.5,14,4],"to":[9.5,15,12],"rotation":{"angle":0,"axis":"y","origin":[8,11,8]},"faces":{"north":{"uv":[7,1.25,7.375,1.375],"texture":"#1"},"east":{"uv":[6.5,1.5,7.5,1.625],"texture":"#1"},"south":{"uv":[6.625,1.125,7,1.25],"texture":"#1"},"west":{"uv":[6.5,1.5,7.5,1.625],"texture":"#1"},"up":{"uv":[9.5,0.75,8.5,0.375],"rotation":270,"texture":"#1"},"down":{"uv":[7.5,1.125,6.5,1.5],"rotation":90,"texture":"#1"}}},{"from":[2,12,2],"to":[14,15,4],"rotation":{"angle":0,"axis":"y","origin":[8,11,8]},"faces":{"north":{"uv":[8.5,0,10,0.375],"texture":"#1"},"east":{"uv":[9.75,0,10,0.375],"texture":"#1"},"south":{"uv":[6.5,0.75,8,1.125],"texture":"#1"},"west":{"uv":[8.5,0,8.75,0.375],"texture":"#1"},"up":{"uv":[7.5,2.625,7.75,1.125],"rotation":270,"texture":"#1"},"down":{"uv":[7.75,1.125,7.5,2.625],"rotation":90,"texture":"#1"}}},{"from":[3.5,0,3.5],"to":[12.5,11,12.5],"rotation":{"angle":0,"axis":"y","origin":[8,11,8]},"faces":{"north":{"uv":[7.75,1.125,8.875,2.5],"texture":"#1"},"east":{"uv":[7.75,1.125,8.875,2.5],"texture":"#1"},"south":{"uv":[7.75,1.125,8.875,2.5],"texture":"#1"},"west":{"uv":[7.75,1.125,8.875,2.5],"texture":"#1"},"up":{"uv":[7.75,1.25,8.875,2.375],"rotation":270,"texture":"#1"},"down":{"uv":[7.75,1.25,8.875,2.375],"rotation":90,"texture":"#1"}}},{"from":[3.25,0,6.5],"to":[3.25,11,9.5],"rotation":{"angle":0,"axis":"y","origin":[8,11,8]},"faces":{"north":{"uv":[7.125,1.625,7.5,3],"texture":"#1","tintindex":0},"east":{"uv":[7.125,1.625,7.5,3],"texture":"#1","tintindex":0},"south":{"uv":[7.125,1.625,7.5,3],"texture":"#1","tintindex":0},"west":{"uv":[7.125,1.625,7.5,3],"texture":"#1","tintindex":0},"up":{"uv":[7.125,1.625,7.5,3],"rotation":270,"texture":"#1"},"down":{"uv":[7.125,1.625,7.5,3],"rotation":90,"texture":"#1"}}},{"from":[12.75,0,6.5],"to":[12.75,11,9.5],"rotation":{"angle":0,"axis":"y","origin":[8,11,8]},"faces":{"north":{"uv":[7.5,1.625,7.125,3],"texture":"#1","tintindex":0},"east":{"uv":[7.5,1.625,7.125,3],"texture":"#1","tintindex":0},"south":{"uv":[7.5,1.625,7.125,3],"texture":"#1","tintindex":0},"west":{"uv":[7.5,1.625,7.125,3],"texture":"#1","tintindex":0},"up":{"uv":[7.5,1.625,7.125,3],"rotation":270,"texture":"#1"},"down":{"uv":[7.5,1.625,7.125,3],"rotation":90,"texture":"#1"}}},{"from":[6.5,0,3.25],"to":[9.5,11,3.25],"rotation":{"angle":0,"axis":"y","origin":[8,11,8]},"faces":{"north":{"uv":[7.125,1.625,7.5,3],"texture":"#1","tintindex":0},"east":{"uv":[7.125,1.625,7.125,3],"texture":"#1","tintindex":0},"south":{"uv":[7.125,1.625,7.5,3],"texture":"#1","tintindex":0},"west":{"uv":[7.125,1.625,7.125,3],"texture":"#1","tintindex":0},"up":{"uv":[7.125,1.625,7.125,3],"rotation":270,"texture":"#1"},"down":{"uv":[7.125,1.625,7.125,3],"rotation":90,"texture":"#1"}}},{"from":[6.5,0,12.75],"to":[9.5,11,12.75],"rotation":{"angle":0,"axis":"y","origin":[8,11,8]},"faces":{"north":{"uv":[7.125,1.625,7.5,3],"texture":"#1","tintindex":0},"east":{"uv":[7.125,1.625,7.125,3],"texture":"#1","tintindex":0},"south":{"uv":[7.125,1.625,7.5,3],"texture":"#1","tintindex":0},"west":{"uv":[7.125,1.625,7.125,3],"texture":"#1","tintindex":0},"up":{"uv":[7.125,1.625,7.125,3],"rotation":270,"texture":"#1"},"down":{"uv":[7.125,1.625,7.125,3],"rotation":90,"texture":"#1"}}},{"from":[-2,12,8],"to":[2,15,8],"rotation":{"angle":0,"axis":"y","origin":[8,11,8]},"faces":{"north":{"uv":[8,0.5,8.5,0.875],"texture":"#1","tintindex":0},"east":{"uv":[8,0.5,8.5,0.875],"texture":"#1","tintindex":0},"south":{"uv":[8.5,0.5,8,0.875],"texture":"#1","tintindex":0},"west":{"uv":[8,0.5,8.5,0.875],"texture":"#1","tintindex":0},"up":{"uv":[8,0.5,8.5,0.875],"rotation":270,"texture":"#1"},"down":{"uv":[8,0.5,8.5,0.875],"rotation":90,"texture":"#1"}}},{"from":[-5,-16,8],"to":[2,0,8],"rotation":{"angle":0,"axis":"y","origin":[8,11,8]},"faces":{"north":{"uv":[9.75,0.75,8.875,2.75],"texture":"#1","tintindex":0},"east":{"uv":[8.875,0.75,8.875,2.75],"texture":"#1","tintindex":0},"south":{"uv":[8.875,0.75,9.75,2.75],"texture":"#1","tintindex":0},"west":{"uv":[8.875,0.75,8.875,2.75],"texture":"#1","tintindex":0},"up":{"uv":[5,0,5.875,0],"rotation":180,"texture":"#1"},"down":{"uv":[5,0,5.875,0],"rotation":180,"texture":"#1"}}},{"from":[14,-16,8],"to":[21,0,8],"rotation":{"angle":0,"axis":"y","origin":[8,11,8]},"faces":{"north":{"uv":[8.875,0.75,9.75,2.75],"texture":"#1","tintindex":0},"east":{"uv":[8.875,0.75,8.875,2.75],"texture":"#1","tintindex":0},"south":{"uv":[9.75,0.75,8.875,2.75],"texture":"#1","tintindex":0},"west":{"uv":[8.875,0.75,8.875,2.75],"texture":"#1","tintindex":0},"up":{"uv":[5,0,5.875,0],"rotation":180,"texture":"#1"},"down":{"uv":[5,0,5.875,0],"rotation":180,"texture":"#1"}}},{"from":[8,-16,14],"to":[8,0,21],"rotation":{"angle":0,"axis":"y","origin":[8,11,8]},"faces":{"north":{"uv":[8.875,0.75,8.875,2.75],"texture":"#1","tintindex":0},"east":{"uv":[8.875,0.75,9.75,2.75],"texture":"#1","tintindex":0},"south":{"uv":[8.875,0.75,8.875,2.75],"texture":"#1","tintindex":0},"west":{"uv":[9.75,0.75,8.875,2.75],"texture":"#1","tintindex":0},"up":{"uv":[5,0,5.875,0],"rotation":270,"texture":"#1"},"down":{"uv":[5,0,5.875,0],"rotation":90,"texture":"#1"}}},{"from":[8,-16,-5],"to":[8,0,2],"rotation":{"angle":0,"axis":"y","origin":[8,11,8]},"faces":{"north":{"uv":[8.875,0.75,8.875,2.75],"texture":"#1","tintindex":0},"east":{"uv":[9.75,0.75,8.875,2.75],"texture":"#1","tintindex":0},"south":{"uv":[8.875,0.75,8.875,2.75],"texture":"#1","tintindex":0},"west":{"uv":[8.875,0.75,9.75,2.75],"texture":"#1","tintindex":0},"up":{"uv":[5,0,5.875,0],"rotation":270,"texture":"#1"},"down":{"uv":[5,0,5.875,0],"rotation":90,"texture":"#1"}}},{"from":[14,12,8],"to":[18,15,8],"rotation":{"angle":0,"axis":"y","origin":[8,11,8]},"faces":{"north":{"uv":[8.5,0.5,8,0.875],"texture":"#1","tintindex":0},"east":{"uv":[8,0.5,8.5,0.875],"texture":"#1","tintindex":0},"south":{"uv":[8,0.5,8.5,0.875],"texture":"#1","tintindex":0},"west":{"uv":[8,0.5,8.5,0.875],"texture":"#1","tintindex":0},"up":{"uv":[8,0.5,8.5,0.875],"rotation":270,"texture":"#1"},"down":{"uv":[8,0.5,8.5,0.875],"rotation":90,"texture":"#1"}}},{"from":[8,12,14],"to":[8,15,18],"rotation":{"angle":0,"axis":"y","origin":[8,11,8]},"faces":{"north":{"uv":[8,0.5,8,0.875],"texture":"#1","tintindex":0},"east":{"uv":[8,0.5,8.5,0.875],"texture":"#1","tintindex":0},"south":{"uv":[8,0.5,8,0.875],"texture":"#1","tintindex":0},"west":{"uv":[8,0.5,8.5,0.875],"texture":"#1","tintindex":0},"up":{"uv":[8,0.5,8.5,0.5],"rotation":270,"texture":"#1"},"down":{"uv":[8,0.5,8.5,0.5],"rotation":90,"texture":"#1"}}},{"from":[8,12,-2],"to":[8,15,2],"rotation":{"angle":0,"axis":"y","origin":[8,11,8]},"faces":{"north":{"uv":[8,0.5,8,0.875],"texture":"#1","tintindex":0},"east":{"uv":[8,0.5,8.5,0.875],"texture":"#1","tintindex":0},"south":{"uv":[8,0.5,8,0.875],"texture":"#1","tintindex":0},"west":{"uv":[8.5,0.5,8,0.875],"texture":"#1","tintindex":0},"up":{"uv":[8,0.5,8.5,0.5],"rotation":270,"texture":"#1"},"down":{"uv":[8,0.5,8.5,0.5],"rotation":90,"texture":"#1"}}},{"from":[2,12,2],"to":[14,14,14],"rotation":{"angle":-22.5,"axis":"y","origin":[8,14.75,8]},"faces":{"north":{"uv":[6.5,3,8,3.25],"texture":"#1"},"east":{"uv":[6.5,3,8,3.25],"texture":"#1"},"south":{"uv":[6.5,3,8,3.25],"texture":"#1"},"west":{"uv":[6.5,3,8,3.25],"texture":"#1"},"up":{"uv":[6.5,4.5,5,3],"rotation":270,"texture":"#1"},"down":{"uv":[6.5,4.5,5,6],"rotation":90,"texture":"#1"}}},{"from":[2,14,12],"to":[14,17,14],"rotation":{"angle":-22.5,"axis":"y","origin":[8,14.75,8]},"faces":{"north":{"uv":[6.5,3.75,8,4.125],"texture":"#1"},"east":{"uv":[8.5,3,8.75,3.375],"texture":"#1"},"south":{"uv":[8.5,3,10,3.375],"texture":"#1"},"west":{"uv":[9.75,3,10,3.375],"texture":"#1"},"up":{"uv":[7.75,5.625,7.5,4.125],"rotation":270,"texture":"#1"},"down":{"uv":[7.75,4.125,7.5,5.625],"rotation":90,"texture":"#1"}}},{"from":[2,14,4],"to":[4,17,12],"rotation":{"angle":-22.5,"axis":"y","origin":[8,14.75,8]},"faces":{"north":{"uv":[6.875,4.125,7.125,4.5],"texture":"#1"},"east":{"uv":[6.75,3.75,7.75,4.125],"texture":"#1"},"south":{"uv":[7.125,4.125,7.375,4.5],"texture":"#1"},"west":{"uv":[8.75,3,9.75,3.375],"texture":"#1"},"up":{"uv":[7.5,3.5,6.5,3.25],"rotation":270,"texture":"#1"},"down":{"uv":[7.5,3.5,6.5,3.75],"rotation":90,"texture":"#1"}}},{"from":[12,14,4],"to":[14,17,12],"rotation":{"angle":-22.5,"axis":"y","origin":[8,14.75,8]},"faces":{"north":{"uv":[6.75,4.125,7,4.5],"texture":"#1"},"east":{"uv":[8.75,3,9.75,3.375],"texture":"#1"},"south":{"uv":[7,4.125,7.25,4.5],"texture":"#1"},"west":{"uv":[6.75,3.75,7.75,4.125],"texture":"#1"},"up":{"uv":[8.5,3.5,7.5,3.25],"rotation":270,"texture":"#1"},"down":{"uv":[8.5,3.25,7.5,3.5],"rotation":90,"texture":"#1"}}},{"from":[6.5,16,4],"to":[9.5,17,12],"rotation":{"angle":-22.5,"axis":"y","origin":[8,14.75,8]},"faces":{"north":{"uv":[7,4.25,7.375,4.375],"texture":"#1"},"east":{"uv":[6.5,4.5,7.5,4.625],"texture":"#1"},"south":{"uv":[6.625,4.125,7,4.25],"texture":"#1"},"west":{"uv":[6.5,4.5,7.5,4.625],"texture":"#1"},"up":{"uv":[9.5,3.75,8.5,3.375],"rotation":270,"texture":"#1"},"down":{"uv":[7.5,4.125,6.5,4.5],"rotation":90,"texture":"#1"}}},{"from":[2,14,2],"to":[14,17,4],"rotation":{"angle":-22.5,"axis":"y","origin":[8,14.75,8]},"faces":{"north":{"uv":[8.5,3,10,3.375],"texture":"#1"},"east":{"uv":[9.75,3,10,3.375],"texture":"#1"},"south":{"uv":[6.5,3.75,8,4.125],"texture":"#1"},"west":{"uv":[8.5,3,8.75,3.375],"texture":"#1"},"up":{"uv":[7.5,5.625,7.75,4.125],"rotation":270,"texture":"#1"},"down":{"uv":[7.75,4.125,7.5,5.625],"rotation":90,"texture":"#1"}}},{"from":[3.5,2,3.5],"to":[12.5,13,12.5],"rotation":{"angle":-22.5,"axis":"y","origin":[8,11,8]},"faces":{"north":{"uv":[7.75,4.125,8.875,5.5],"texture":"#1"},"east":{"uv":[7.75,4.125,8.875,5.5],"texture":"#1"},"south":{"uv":[7.75,4.125,8.875,5.5],"texture":"#1"},"west":{"uv":[7.75,4.125,8.875,5.5],"texture":"#1"},"up":{"uv":[7.75,4.25,8.875,5.375],"rotation":270,"texture":"#1"},"down":{"uv":[7.75,4.25,8.875,5.375],"rotation":90,"texture":"#1"}}},{"from":[3.25,2,6.5],"to":[3.25,13,9.5],"rotation":{"angle":-22.5,"axis":"y","origin":[8,11,8]},"faces":{"north":{"uv":[7.125,4.625,7.5,6],"texture":"#1","tintindex":0},"east":{"uv":[7.125,4.625,7.5,6],"texture":"#1","tintindex":0},"south":{"uv":[7.125,4.625,7.5,6],"texture":"#1","tintindex":0},"west":{"uv":[7.125,4.625,7.5,6],"texture":"#1","tintindex":0},"up":{"uv":[7.125,4.625,7.5,6],"rotation":270,"texture":"#1"},"down":{"uv":[7.125,4.625,7.5,6],"rotation":90,"texture":"#1"}}},{"from":[12.75,2,6.5],"to":[12.75,13,9.5],"rotation":{"angle":-22.5,"axis":"y","origin":[8,11,8]},"faces":{"north":{"uv":[7.5,4.625,7.125,6],"texture":"#1","tintindex":0},"east":{"uv":[7.5,4.625,7.125,6],"texture":"#1","tintindex":0},"south":{"uv":[7.5,4.625,7.125,6],"texture":"#1","tintindex":0},"west":{"uv":[7.5,4.625,7.125,6],"texture":"#1","tintindex":0},"up":{"uv":[7.5,4.625,7.125,6],"rotation":270,"texture":"#1"},"down":{"uv":[7.5,4.625,7.125,6],"rotation":90,"texture":"#1"}}},{"from":[6.5,2,3.25],"to":[9.5,13,3.25],"rotation":{"angle":-22.5,"axis":"y","origin":[8,11,8]},"faces":{"north":{"uv":[7.125,4.625,7.5,6],"texture":"#1","tintindex":0},"east":{"uv":[7.125,4.625,7.125,6],"texture":"#1","tintindex":0},"south":{"uv":[7.125,4.625,7.5,6],"texture":"#1","tintindex":0},"west":{"uv":[7.125,4.625,7.125,6],"texture":"#1","tintindex":0},"up":{"uv":[7.125,4.625,7.125,6],"rotation":270,"texture":"#1"},"down":{"uv":[7.125,4.625,7.125,6],"rotation":90,"texture":"#1"}}},{"from":[6.5,2,12.75],"to":[9.5,13,12.75],"rotation":{"angle":-22.5,"axis":"y","origin":[8,11,8]},"faces":{"north":{"uv":[7.125,4.625,7.5,6],"texture":"#1","tintindex":0},"east":{"uv":[7.125,4.625,7.125,6],"texture":"#1","tintindex":0},"south":{"uv":[7.125,4.625,7.5,6],"texture":"#1","tintindex":0},"west":{"uv":[7.125,4.625,7.125,6],"texture":"#1","tintindex":0},"up":{"uv":[7.125,4.625,7.125,6],"rotation":270,"texture":"#1"},"down":{"uv":[7.125,4.625,7.125,6],"rotation":90,"texture":"#1"}}},{"from":[-2,14,8],"to":[2,17,8],"rotation":{"angle":-22.5,"axis":"y","origin":[8,14.75,8]},"faces":{"north":{"uv":[8,3.5,8.5,3.875],"texture":"#1","tintindex":0},"east":{"uv":[8,3.5,8.5,3.875],"texture":"#1","tintindex":0},"south":{"uv":[8.5,3.5,8,3.875],"texture":"#1","tintindex":0},"west":{"uv":[8,3.5,8.5,3.875],"texture":"#1","tintindex":0},"up":{"uv":[8,3.5,8.5,3.875],"rotation":270,"texture":"#1"},"down":{"uv":[8,3.5,8.5,3.875],"rotation":90,"texture":"#1"}}},{"from":[8,-3,-5],"to":[8,13,2],"rotation":{"angle":45,"axis":"y","origin":[8,11,8]},"faces":{"north":{"uv":[8.875,3.75,8.875,5.75],"texture":"#1","tintindex":0},"east":{"uv":[9.75,3.75,8.875,5.75],"texture":"#1","tintindex":0},"south":{"uv":[8.875,3.75,8.875,5.75],"texture":"#1","tintindex":0},"west":{"uv":[8.875,3.75,9.75,5.75],"texture":"#1","tintindex":0},"up":{"uv":[5,3,5.875,3],"rotation":270,"texture":"#1"},"down":{"uv":[5,3,5.875,3],"rotation":90,"texture":"#1"}}},{"from":[8,-3,14],"to":[8,13,21],"rotation":{"angle":45,"axis":"y","origin":[8,11,8]},"faces":{"north":{"uv":[8.875,3.75,8.875,5.75],"texture":"#1","tintindex":0},"east":{"uv":[8.875,3.75,9.75,5.75],"texture":"#1","tintindex":0},"south":{"uv":[8.875,3.75,8.875,5.75],"texture":"#1","tintindex":0},"west":{"uv":[9.75,3.75,8.875,5.75],"texture":"#1","tintindex":0},"up":{"uv":[5,3,5.875,3],"rotation":270,"texture":"#1"},"down":{"uv":[5,3,5.875,3],"rotation":90,"texture":"#1"}}},{"from":[-5,-3,8],"to":[2,13,8],"rotation":{"angle":45,"axis":"y","origin":[8,11,8]},"faces":{"north":{"uv":[9.75,3.75,8.875,5.75],"texture":"#1","tintindex":0},"east":{"uv":[8.875,3.75,8.875,5.75],"texture":"#1","tintindex":0},"south":{"uv":[8.875,3.75,9.75,5.75],"texture":"#1","tintindex":0},"west":{"uv":[8.875,3.75,8.875,5.75],"texture":"#1","tintindex":0},"up":{"uv":[5,3,5.875,3],"texture":"#1"},"down":{"uv":[5,3,5.875,3],"texture":"#1"}}},{"from":[14,-3,8],"to":[21,13,8],"rotation":{"angle":45,"axis":"y","origin":[8,11,8]},"faces":{"north":{"uv":[8.875,3.75,9.75,5.75],"texture":"#1","tintindex":0},"east":{"uv":[8.875,3.75,8.875,5.75],"texture":"#1","tintindex":0},"south":{"uv":[9.75,3.75,8.875,5.75],"texture":"#1","tintindex":0},"west":{"uv":[8.875,3.75,8.875,5.75],"texture":"#1","tintindex":0},"up":{"uv":[5,3,5.875,3],"texture":"#1"},"down":{"uv":[5,3,5.875,3],"texture":"#1"}}},{"from":[14,14,8],"to":[18,17,8],"rotation":{"angle":-22.5,"axis":"y","origin":[8,14.75,8]},"faces":{"north":{"uv":[8.5,3.5,8,3.875],"texture":"#1","tintindex":0},"east":{"uv":[8,3.5,8.5,3.875],"texture":"#1","tintindex":0},"south":{"uv":[8,3.5,8.5,3.875],"texture":"#1","tintindex":0},"west":{"uv":[8,3.5,8.5,3.875],"texture":"#1","tintindex":0},"up":{"uv":[8,3.5,8.5,3.875],"rotation":270,"texture":"#1"},"down":{"uv":[8,3.5,8.5,3.875],"rotation":90,"texture":"#1"}}},{"from":[8,14,14],"to":[8,17,18],"rotation":{"angle":-22.5,"axis":"y","origin":[8,14.75,8]},"faces":{"north":{"uv":[8,3.5,8,3.875],"texture":"#1","tintindex":0},"east":{"uv":[8,3.5,8.5,3.875],"texture":"#1","tintindex":0},"south":{"uv":[8,3.5,8,3.875],"texture":"#1","tintindex":0},"west":{"uv":[8,3.5,8.5,3.875],"texture":"#1","tintindex":0},"up":{"uv":[8,3.5,8.5,3.5],"rotation":270,"texture":"#1"},"down":{"uv":[8,3.5,8.5,3.5],"rotation":90,"texture":"#1"}}},{"from":[8,14,-2],"to":[8,17,2],"rotation":{"angle":-22.5,"axis":"y","origin":[8,14.75,8]},"faces":{"north":{"uv":[8,3.5,8,3.875],"texture":"#1","tintindex":0},"east":{"uv":[8,3.5,8.5,3.875],"texture":"#1","tintindex":0},"south":{"uv":[8,3.5,8,3.875],"texture":"#1","tintindex":0},"west":{"uv":[8.5,3.5,8,3.875],"texture":"#1","tintindex":0},"up":{"uv":[8,3.5,8.5,3.5],"rotation":270,"texture":"#1"},"down":{"uv":[8,3.5,8.5,3.5],"rotation":90,"texture":"#1"}}},{"from":[2,12,2],"to":[14,14,14],"rotation":{"angle":45,"axis":"y","origin":[8,12,8]},"faces":{"north":{"uv":[6.5,6,8,6.25],"texture":"#1"},"east":{"uv":[6.5,6,8,6.25],"texture":"#1"},"south":{"uv":[6.5,6,8,6.25],"texture":"#1"},"west":{"uv":[6.5,6,8,6.25],"texture":"#1"},"up":{"uv":[6.5,7.5,5,6],"texture":"#1"},"down":{"uv":[6.5,7.5,5,9],"texture":"#1"}}},{"from":[2,14,2],"to":[4,17,14],"rotation":{"angle":45,"axis":"y","origin":[8,12,8]},"faces":{"north":{"uv":[9.75,6,10,6.375],"texture":"#1"},"east":{"uv":[6.5,6.75,8,7.125],"texture":"#1"},"south":{"uv":[8.5,6,8.75,6.375],"texture":"#1"},"west":{"uv":[8.5,6,10,6.375],"texture":"#1"},"up":{"uv":[7.75,8.625,7.5,7.125],"texture":"#1"},"down":{"uv":[7.75,7.125,7.5,8.625],"texture":"#1"}}},{"from":[4,14,2],"to":[12,17,4],"rotation":{"angle":45,"axis":"y","origin":[8,12,8]},"faces":{"north":{"uv":[8.75,6,9.75,6.375],"texture":"#1"},"east":{"uv":[6.875,7.125,7.125,7.5],"texture":"#1"},"south":{"uv":[6.75,6.75,7.75,7.125],"texture":"#1"},"west":{"uv":[7.125,7.125,7.375,7.5],"texture":"#1"},"up":{"uv":[7.5,6.5,6.5,6.25],"texture":"#1"},"down":{"uv":[7.5,6.5,6.5,6.75],"texture":"#1"}}},{"from":[4,14,12],"to":[12,17,14],"rotation":{"angle":45,"axis":"y","origin":[8,12,8]},"faces":{"north":{"uv":[6.75,6.75,7.75,7.125],"texture":"#1"},"east":{"uv":[6.75,7.125,7,7.5],"texture":"#1"},"south":{"uv":[8.75,6,9.75,6.375],"texture":"#1"},"west":{"uv":[7,7.125,7.25,7.5],"texture":"#1"},"up":{"uv":[8.5,6.5,7.5,6.25],"texture":"#1"},"down":{"uv":[8.5,6.25,7.5,6.5],"texture":"#1"}}},{"from":[4,16,6.5],"to":[12,17,9.5],"rotation":{"angle":45,"axis":"y","origin":[8,12,8]},"faces":{"north":{"uv":[6.5,7.5,7.5,7.625],"texture":"#1"},"east":{"uv":[7,7.25,7.375,7.375],"texture":"#1"},"south":{"uv":[6.5,7.5,7.5,7.625],"texture":"#1"},"west":{"uv":[6.625,7.125,7,7.25],"texture":"#1"},"up":{"uv":[9.5,6.75,8.5,6.375],"texture":"#1"},"down":{"uv":[7.5,7.125,6.5,7.5],"texture":"#1"}}},{"from":[12,14,2],"to":[14,17,14],"rotation":{"angle":45,"axis":"y","origin":[8,12,8]},"faces":{"north":{"uv":[8.5,6,8.75,6.375],"texture":"#1"},"east":{"uv":[8.5,6,10,6.375],"texture":"#1"},"south":{"uv":[9.75,6,10,6.375],"texture":"#1"},"west":{"uv":[6.5,6.75,8,7.125],"texture":"#1"},"up":{"uv":[7.5,8.625,7.75,7.125],"texture":"#1"},"down":{"uv":[7.75,7.125,7.5,8.625],"texture":"#1"}}},{"from":[3.5,2,3.5],"to":[12.5,13,12.5],"rotation":{"angle":45,"axis":"y","origin":[8,12,8]},"faces":{"north":{"uv":[7.75,7.125,8.875,8.5],"texture":"#1"},"east":{"uv":[7.75,7.125,8.875,8.5],"texture":"#1"},"south":{"uv":[7.75,7.125,8.875,8.5],"texture":"#1"},"west":{"uv":[7.75,7.125,8.875,8.5],"texture":"#1"},"up":{"uv":[7.75,7.25,8.875,8.375],"texture":"#1"},"down":{"uv":[7.75,7.25,8.875,8.375],"texture":"#1"}}},{"from":[6.5,2,3.25],"to":[9.5,13,3.25],"rotation":{"angle":45,"axis":"y","origin":[8,12,8]},"faces":{"north":{"uv":[7.125,7.625,7.5,9],"texture":"#1","tintindex":0},"east":{"uv":[7.125,7.625,7.5,9],"texture":"#1","tintindex":0},"south":{"uv":[7.125,7.625,7.5,9],"texture":"#1","tintindex":0},"west":{"uv":[7.125,7.625,7.5,9],"texture":"#1","tintindex":0},"up":{"uv":[7.125,7.625,7.5,9],"texture":"#1"},"down":{"uv":[7.125,7.625,7.5,9],"texture":"#1"}}},{"from":[6.5,2,12.75],"to":[9.5,13,12.75],"rotation":{"angle":45,"axis":"y","origin":[8,12,8]},"faces":{"north":{"uv":[7.5,7.625,7.125,9],"texture":"#1","tintindex":0},"east":{"uv":[7.5,7.625,7.125,9],"texture":"#1","tintindex":0},"south":{"uv":[7.5,7.625,7.125,9],"texture":"#1","tintindex":0},"west":{"uv":[7.5,7.625,7.125,9],"texture":"#1","tintindex":0},"up":{"uv":[7.5,7.625,7.125,9],"texture":"#1"},"down":{"uv":[7.5,7.625,7.125,9],"texture":"#1"}}},{"from":[12.75,2,6.5],"to":[12.75,13,9.5],"rotation":{"angle":45,"axis":"y","origin":[8,12,8]},"faces":{"north":{"uv":[7.125,7.625,7.125,9],"texture":"#1","tintindex":0},"east":{"uv":[7.125,7.625,7.5,9],"texture":"#1","tintindex":0},"south":{"uv":[7.125,7.625,7.125,9],"texture":"#1","tintindex":0},"west":{"uv":[7.125,7.625,7.5,9],"texture":"#1","tintindex":0},"up":{"uv":[7.125,7.625,7.125,9],"texture":"#1"},"down":{"uv":[7.125,7.625,7.125,9],"texture":"#1"}}},{"from":[3.25,2,6.5],"to":[3.25,13,9.5],"rotation":{"angle":45,"axis":"y","origin":[8,12,8]},"faces":{"north":{"uv":[7.125,7.625,7.125,9],"texture":"#1","tintindex":0},"east":{"uv":[7.125,7.625,7.5,9],"texture":"#1","tintindex":0},"south":{"uv":[7.125,7.625,7.125,9],"texture":"#1","tintindex":0},"west":{"uv":[7.125,7.625,7.5,9],"texture":"#1","tintindex":0},"up":{"uv":[7.125,7.625,7.125,9],"texture":"#1"},"down":{"uv":[7.125,7.625,7.125,9],"texture":"#1"}}},{"from":[8,14,-2],"to":[8,17,2],"rotation":{"angle":45,"axis":"y","origin":[8,12,8]},"faces":{"north":{"uv":[8,6.5,8.5,6.875],"texture":"#1","tintindex":0},"east":{"uv":[8,6.5,8.5,6.875],"texture":"#1","tintindex":0},"south":{"uv":[8,6.5,8.5,6.875],"texture":"#1","tintindex":0},"west":{"uv":[8.5,6.5,8,6.875],"texture":"#1","tintindex":0},"up":{"uv":[8,6.5,8.5,6.875],"texture":"#1"},"down":{"uv":[8,6.5,8.5,6.875],"texture":"#1"}}},{"from":[8,1,-5],"to":[8,17,2],"rotation":{"angle":45,"axis":"y","origin":[8,12,8]},"faces":{"north":{"uv":[8.875,6.75,8.875,8.75],"texture":"#1","tintindex":0},"east":{"uv":[9.75,6.75,8.875,8.75],"texture":"#1","tintindex":0},"south":{"uv":[8.875,6.75,8.875,8.75],"texture":"#1","tintindex":0},"west":{"uv":[8.875,6.75,9.75,8.75],"texture":"#1","tintindex":0},"up":{"uv":[5,6,5.875,6],"rotation":270,"texture":"#1"},"down":{"uv":[5,6,5.875,6],"rotation":90,"texture":"#1"}}},{"from":[8,1,14],"to":[8,17,21],"rotation":{"angle":45,"axis":"y","origin":[8,12,8]},"faces":{"north":{"uv":[8.875,6.75,8.875,8.75],"texture":"#1","tintindex":0},"east":{"uv":[8.875,6.75,9.75,8.75],"texture":"#1","tintindex":0},"south":{"uv":[8.875,6.75,8.875,8.75],"texture":"#1","tintindex":0},"west":{"uv":[9.75,6.75,8.875,8.75],"texture":"#1","tintindex":0},"up":{"uv":[5,6,5.875,6],"rotation":270,"texture":"#1"},"down":{"uv":[5,6,5.875,6],"rotation":90,"texture":"#1"}}},{"from":[-5,1,8],"to":[2,17,8],"rotation":{"angle":45,"axis":"y","origin":[8,12,8]},"faces":{"north":{"uv":[9.75,6.75,8.875,8.75],"texture":"#1","tintindex":0},"east":{"uv":[8.875,6.75,8.875,8.75],"texture":"#1","tintindex":0},"south":{"uv":[8.875,6.75,9.75,8.75],"texture":"#1","tintindex":0},"west":{"uv":[8.875,6.75,8.875,8.75],"texture":"#1","tintindex":0},"up":{"uv":[5,6,5.875,6],"texture":"#1"},"down":{"uv":[5,6,5.875,6],"texture":"#1"}}},{"from":[14,1,8],"to":[21,17,8],"rotation":{"angle":45,"axis":"y","origin":[8,12,8]},"faces":{"north":{"uv":[8.875,6.75,9.75,8.75],"texture":"#1","tintindex":0},"east":{"uv":[8.875,6.75,8.875,8.75],"texture":"#1","tintindex":0},"south":{"uv":[9.75,6.75,8.875,8.75],"texture":"#1","tintindex":0},"west":{"uv":[8.875,6.75,8.875,8.75],"texture":"#1","tintindex":0},"up":{"uv":[5,6,5.875,6],"texture":"#1"},"down":{"uv":[5,6,5.875,6],"texture":"#1"}}},{"from":[8,14,14],"to":[8,17,18],"rotation":{"angle":45,"axis":"y","origin":[8,12,8]},"faces":{"north":{"uv":[8,6.5,8.5,6.875],"texture":"#1","tintindex":0},"east":{"uv":[8.5,6.5,8,6.875],"texture":"#1","tintindex":0},"south":{"uv":[8,6.5,8.5,6.875],"texture":"#1","tintindex":0},"west":{"uv":[8,6.5,8.5,6.875],"texture":"#1","tintindex":0},"up":{"uv":[8,6.5,8.5,6.875],"texture":"#1"},"down":{"uv":[8,6.5,8.5,6.875],"texture":"#1"}}},{"from":[-2,14,8],"to":[2,17,8],"rotation":{"angle":45,"axis":"y","origin":[8,12,8]},"faces":{"north":{"uv":[8,6.5,8.5,6.875],"texture":"#1","tintindex":0},"east":{"uv":[8,6.5,8,6.875],"texture":"#1","tintindex":0},"south":{"uv":[8,6.5,8.5,6.875],"texture":"#1","tintindex":0},"west":{"uv":[8,6.5,8,6.875],"texture":"#1","tintindex":0},"up":{"uv":[8,6.5,8.5,6.5],"texture":"#1"},"down":{"uv":[8,6.5,8.5,6.5],"texture":"#1"}}},{"from":[14,14,8],"to":[18,17,8],"rotation":{"angle":45,"axis":"y","origin":[8,12,8]},"faces":{"north":{"uv":[8.5,6.5,8,6.875],"texture":"#1","tintindex":0},"east":{"uv":[8,6.5,8,6.875],"texture":"#1","tintindex":0},"south":{"uv":[8,6.5,8.5,6.875],"texture":"#1","tintindex":0},"west":{"uv":[8,6.5,8,6.875],"texture":"#1","tintindex":0},"up":{"uv":[8,6.5,8.5,6.5],"texture":"#1"},"down":{"uv":[8,6.5,8.5,6.5],"texture":"#1"}}}],"display":{"head":{"translation":[0,-30.4,0],"scale":[1.6,1.6,1.6]}},"groups":[{"name":"lid","origin":[-2,3.5,17.5],"color":0,"children":[0,1,2,3,4,5,{"name":"center","origin":[8,3,8],"color":0,"children":[6,7,8,9,10]},11,{"name":"group","origin":[-2,3.5,17.5],"color":0,"children":[12,13,14,15]},16,17,18]},{"name":"base","origin":[-2,3.5,17.5],"color":0,"children":[19,20,21,22,23,24,25,26,27,28,29,30,31,32,33,34,35]},{"name":"lid2","origin":[-2,3.5,17.5],"color":0,"children":[36,37,38,39,40,41,{"name":"center","origin":[8,3,8],"color":0,"children":[42,43,44,45,46]},47,{"name":"group","origin":[-2,3.5,17.5],"color":0,"children":[48,49,50,51]},52,53,54]},{"name":"lid3","origin":[-2,3.5,17.5],"color":0,"children":[55,56,57,58,59,60,{"name":"center","origin":[8,3,8],"color":0,"children":[61,62,63,64,65]},66,{"name":"group","origin":[-2,3.5,17.5],"color":0,"children":[67,68,69,70]},71,72,73]},{"name":"lid4","origin":[-2,3.5,17.5],"color":0,"children":[74,75,76,77,78,79,{"name":"center","origin":[8,3,8],"color":0,"children":[80,81,82,83,84]},85,{"name":"group","origin":[-2,3.5,17.5],"color":0,"children":[86,87,88,89]},90,91,92]},{"name":"lid5","origin":[-2,3.5,17.5],"color":0,"children":[93,94,95,96,97,98,{"name":"center","origin":[8,3,8],"color":0,"children":[99,100,101,102,103]},104,{"name":"group","origin":[-2,3.5,17.5],"color":0,"children":[105,106,107,108]},109,110,111]},{"name":"lid6","origin":[-2,3.5,17.5],"color":0,"children":[112,113,114,115,116,117,{"name":"center","origin":[8,3,8],"color":0,"children":[118,119,120,121,122]},123,{"name":"group","origin":[-2,3.5,17.5],"color":0,"children":[124,125,126,127]},128,129,130]},{"name":"lid7","origin":[-2,3.5,17.5],"color":0,"children":[131,132,133,134,135,136,{"name":"center","origin":[8,3,8],"color":0,"children":[137,138,139,140,141]},142,{"name":"group","origin":[-2,3.5,17.5],"color":0,"children":[143,144,145,146]},147,148,149]},{"name":"lid8","origin":[-2,3.5,17.5],"color":0,"children":[150,151,152,153,154,155,{"name":"center","origin":[8,3,8],"color":0,"children":[156,157,158,159,160]},161,{"name":"group","origin":[-2,3.5,17.5],"color":0,"children":[162,163,164,165]},166,167,168]}]}