{
	"credit": "Made with Blockbench",
	"texture_size": [64, 64],
	"textures": {
		"1": "block/custom/light_strike/star_device-active",
		"particle": "block/custom/light_strike/star_device"
	},
	"elements": [
		{
			"from": [1, 12, 1],
			"to": [15, 15, 15],
			"rotation": {"angle": 0, "axis": "y", "origin": [8, 16.75, 8]},
			"faces": {
				"north": {"uv": [0.25, 3, 2.75, 3.5], "texture": "#particle"},
				"east": {"uv": [0.25, 3, 2.75, 3.5], "texture": "#particle"},
				"south": {"uv": [0.25, 3, 2.75, 3.5], "texture": "#particle"},
				"west": {"uv": [0.25, 3, 2.75, 3.5], "texture": "#particle"},
				"up": {"uv": [2.75, 2.75, 0.25, 0.25], "texture": "#particle"},
				"down": {"uv": [5.5, 0.25, 3, 2.75], "texture": "#particle"}
			}
		},
		{
			"from": [-0.25, 13.75, 4],
			"to": [9.75, 16.75, 12],
			"rotation": {"angle": -22.5, "axis": "z", "origin": [2.75, 16.25, 8]},
			"faces": {
				"east": {"uv": [7, 1.5, 8.25, 2], "texture": "#particle"},
				"west": {"uv": [6.75, 1.5, 5.75, 2], "texture": "#particle"},
				"up": {"uv": [5.75, 1.25, 7.25, 0.25], "texture": "#particle"},
				"down": {"uv": [7.5, 0.25, 9, 1.25], "texture": "#particle"}
			}
		},
		{
			"from": [-0.25, 13.75, 12],
			"to": [9.75, 16.75, 4],
			"rotation": {"angle": -22.5, "axis": "z", "origin": [2.75, 16.25, 8]},
			"faces": {
				"east": {"uv": [7, 1.5, 8.25, 2], "texture": "#particle"},
				"west": {"uv": [5.75, 1.5, 6.75, 2], "texture": "#particle"},
				"up": {"uv": [7.25, 1.25, 5.75, 0.25], "texture": "#particle"},
				"down": {"uv": [7.5, 0.25, 9, 1.25], "texture": "#particle"}
			}
		},
		{
			"from": [6.25, 13.75, 4],
			"to": [16.25, 16.75, 12],
			"rotation": {"angle": 22.5, "axis": "z", "origin": [13.25, 16.25, 8.75]},
			"faces": {
				"east": {"uv": [5.75, 1.5, 6.75, 2], "texture": "#particle"},
				"west": {"uv": [7, 1.5, 8.25, 2], "texture": "#particle"},
				"up": {"uv": [7.25, 1.25, 5.75, 0.25], "texture": "#particle"},
				"down": {"uv": [9, 0.25, 7.5, 1.25], "texture": "#particle"}
			}
		},
		{
			"from": [6.25, 13.75, 12],
			"to": [16.25, 16.75, 4],
			"rotation": {"angle": 22.5, "axis": "z", "origin": [13.25, 16.25, 8]},
			"faces": {
				"east": {"uv": [6.75, 1.5, 5.75, 2], "texture": "#particle"},
				"west": {"uv": [7, 1.5, 8.25, 2], "texture": "#particle"},
				"up": {"uv": [7.25, 1.25, 5.75, 0.25], "texture": "#particle"},
				"down": {"uv": [9, 0.25, 7.5, 1.25], "texture": "#particle"}
			}
		},
		{
			"from": [1.5, 0, 1.5],
			"to": [14.5, 12, 14.5],
			"rotation": {"angle": 0, "axis": "y", "origin": [8, 5.75, 8]},
			"faces": {
				"north": {"uv": [0.25, 4, 2.5, 6], "texture": "#particle"},
				"east": {"uv": [0.25, 4, 2.5, 6], "texture": "#particle"},
				"south": {"uv": [0.25, 4, 2.5, 6], "texture": "#particle"},
				"west": {"uv": [0.25, 4, 2.5, 6], "texture": "#particle"},
				"up": {"uv": [9, 2.25, 7, 1.5], "texture": "#particle"},
				"down": {"uv": [2.5, 6.25, 0.25, 8.5], "texture": "#particle"}
			}
		},
		{
			"from": [9.25, 0.725, 2.7],
			"to": [13.25, 10.725, 2.7],
			"rotation": {"angle": 22.5, "axis": "x", "origin": [13.25, 14.25, 6]},
			"faces": {
				"north": {"uv": [7.25, 1, 6, 0.5], "rotation": 90, "texture": "#1"},
				"south": {"uv": [9, 1, 7.75, 0.5], "rotation": 90, "texture": "#1"},
				"up": {"uv": [7, 1.5, 8.25, 2], "texture": "#1"},
				"down": {"uv": [5.75, 1.5, 6.75, 2], "rotation": 180, "texture": "#1"}
			}
		},
		{
			"from": [11.25, 1.09351, -2.60728],
			"to": [13.25, 3.09351, -2.60728],
			"rotation": {"angle": 22.5, "axis": "x", "origin": [12.25, 2.09351, -2.60728]},
			"faces": {
				"north": {"uv": [6, 0.75, 5.75, 0.5], "rotation": 90, "texture": "#1"},
				"south": {"uv": [7.25, 0.75, 7, 0.5], "rotation": 90, "texture": "#1"},
				"up": {"uv": [7, 1.5, 8.25, 2], "texture": "#1"},
				"down": {"uv": [5.75, 1.5, 6.75, 2], "rotation": 180, "texture": "#1"}
			}
		},
		{
			"from": [10.75, 1.01851, -3.38228],
			"to": [13.75, 5.01851, -3.38228],
			"rotation": {"angle": -22.5, "axis": "x", "origin": [12.25, 2.09351, -3.60728]},
			"faces": {
				"north": {"uv": [1.5, 5.75, 0, 3.75], "rotation": 180, "texture": "#1"},
				"east": {"uv": [5.75, 1.5, 6.75, 2], "rotation": 90, "texture": "#1"},
				"south": {"uv": [0, 5.75, 1.5, 3.75], "rotation": 180, "texture": "#1"},
				"west": {"uv": [7, 1.5, 8.25, 2], "rotation": 270, "texture": "#1"}
			}
		},
		{
			"from": [1.75, 11.62204, -4.51949],
			"to": [14.25, 11.62204, 7.98051],
			"rotation": {"angle": 22.5, "axis": "x", "origin": [8, 11.62204, 1.73051]},
			"faces": {
				"east": {"uv": [5.75, 1.5, 6.75, 2], "texture": "#1"},
				"west": {"uv": [7, 1.5, 8.25, 2], "texture": "#1"},
				"up": {"uv": [12, 4, 16, 0], "rotation": 180, "texture": "#1"},
				"down": {"uv": [16, 4, 12, 0], "texture": "#1"}
			}
		},
		{
			"from": [1.75, 9.89858, -3.65426],
			"to": [14.25, 22.39858, -3.65426],
			"rotation": {"angle": -22.5, "axis": "x", "origin": [8, 16.14858, -3.65426]},
			"faces": {
				"north": {"uv": [16, 8, 12, 4], "rotation": 180, "texture": "#1"},
				"east": {"uv": [5.75, 1.5, 6.75, 2], "rotation": 270, "texture": "#1"},
				"south": {"uv": [12, 8, 16, 4], "rotation": 180, "texture": "#1"},
				"west": {"uv": [7, 1.5, 8.25, 2], "rotation": 90, "texture": "#1"}
			}
		},
		{
			"from": [1.75, 9.89858, 19.74574],
			"to": [14.25, 22.39858, 19.74574],
			"rotation": {"angle": 22.5, "axis": "x", "origin": [8, 16.14858, 19.74574]},
			"faces": {
				"north": {"uv": [4, 16, 8, 12], "rotation": 180, "texture": "#1"},
				"east": {"uv": [7, 1.5, 8.25, 2], "rotation": 90, "texture": "#1"},
				"south": {"uv": [8, 16, 4, 12], "rotation": 180, "texture": "#1"},
				"west": {"uv": [5.75, 1.5, 6.75, 2], "rotation": 270, "texture": "#1"}
			}
		},
		{
			"from": [1.75, 16.51798, -5.56768],
			"to": [14.25, 29.01798, -5.56768],
			"rotation": {"angle": 0, "axis": "x", "origin": [8, 20.76798, -5.56768]},
			"faces": {
				"north": {"uv": [16, 12, 12, 8], "rotation": 180, "texture": "#1"},
				"east": {"uv": [5.75, 1.5, 6.75, 2], "rotation": 270, "texture": "#1"},
				"south": {"uv": [12, 12, 16, 8], "rotation": 180, "texture": "#1"},
				"west": {"uv": [7, 1.5, 8.25, 2], "rotation": 90, "texture": "#1"}
			}
		},
		{
			"from": [1.75, 9.30639, 7.12207],
			"to": [14.25, 9.30639, 19.62207],
			"rotation": {"angle": -22.5, "axis": "x", "origin": [8, 12.622, 7.98051]},
			"faces": {
				"east": {"uv": [7, 1.5, 8.25, 2], "texture": "#1"},
				"west": {"uv": [5.75, 1.5, 6.75, 2], "texture": "#1"},
				"up": {"uv": [0, 16, 4, 12], "texture": "#1"},
				"down": {"uv": [4, 16, 0, 12], "rotation": 180, "texture": "#1"}
			}
		},
		{
			"from": [4.75, 24.51798, -5.56768],
			"to": [11.25, 31.01798, -5.56768],
			"rotation": {"angle": 0, "axis": "x", "origin": [8, 20.76798, -5.56768]},
			"faces": {
				"north": {"uv": [15.25, 15.25, 12.75, 12.75], "rotation": 180, "texture": "#1"},
				"east": {"uv": [5.75, 1.5, 6.75, 2], "rotation": 270, "texture": "#1"},
				"south": {"uv": [12.75, 15.25, 15.25, 12.75], "rotation": 180, "texture": "#1"},
				"west": {"uv": [7, 1.5, 8.25, 2], "rotation": 90, "texture": "#1"}
			}
		},
		{
			"from": [4.75, 24.51798, 21.43232],
			"to": [11.25, 31.01798, 21.43232],
			"rotation": {"angle": 0, "axis": "y", "origin": [8, 20.76798, 7.93232]},
			"faces": {
				"north": {"uv": [8.75, 11.25, 11.25, 8.75], "rotation": 180, "texture": "#1"},
				"east": {"uv": [7, 1.5, 8.25, 2], "rotation": 90, "texture": "#1"},
				"south": {"uv": [11.25, 11.25, 8.75, 8.75], "rotation": 180, "texture": "#1"},
				"west": {"uv": [5.75, 1.5, 6.75, 2], "rotation": 270, "texture": "#1"}
			}
		},
		{
			"from": [1.75, 16.51798, 21.63232],
			"to": [14.25, 29.01798, 21.63232],
			"rotation": {"angle": 0, "axis": "y", "origin": [8, 20.76798, 8.03232]},
			"faces": {
				"north": {"uv": [8, 16, 12, 12], "rotation": 180, "texture": "#1"},
				"east": {"uv": [7, 1.5, 8.25, 2], "rotation": 90, "texture": "#1"},
				"south": {"uv": [12, 16, 8, 12], "rotation": 180, "texture": "#1"},
				"west": {"uv": [5.75, 1.5, 6.75, 2], "rotation": 270, "texture": "#1"}
			}
		},
		{
			"from": [0, 16, 8],
			"to": [16, 32, 8],
			"rotation": {"angle": 45, "axis": "y", "origin": [8, 11, 8]},
			"faces": {
				"north": {"uv": [16, 0, 12, 4], "texture": "#particle", "tintindex": 0},
				"east": {"uv": [14.25, 2.5, 14.25, 6.5], "texture": "#particle", "tintindex": 0},
				"south": {"uv": [16, 0, 12, 4], "texture": "#particle", "tintindex": 0},
				"west": {"uv": [14.25, 2.5, 14.25, 6.5], "texture": "#particle", "tintindex": 0},
				"up": {"uv": [0, 0, 1.75, 0], "texture": "#particle"},
				"down": {"uv": [0, 0, 1.75, 0], "texture": "#particle"}
			}
		},
		{
			"from": [8, 16, 0],
			"to": [8, 32, 16],
			"rotation": {"angle": 45, "axis": "y", "origin": [8, 24, 8]},
			"faces": {
				"north": {"uv": [16, 0, 12, 4], "texture": "#particle", "tintindex": 0},
				"east": {"uv": [16, 0, 12, 4], "texture": "#particle", "tintindex": 0},
				"south": {"uv": [16, 0, 12, 4], "texture": "#particle", "tintindex": 0},
				"west": {"uv": [16, 0, 12, 4], "texture": "#particle", "tintindex": 0},
				"up": {"uv": [0, 0, 1.75, 0], "rotation": 270, "texture": "#particle"},
				"down": {"uv": [0, 0, 1.75, 0], "rotation": 90, "texture": "#particle"}
			}
		}
	],
	"display": {
		"head": {
			"translation": [0, -30.4, 0],
			"scale": [1.6, 1.6, 1.6]
		}
	},
	"groups": [
		{
			"name": "bow2",
			"origin": [8, 8, 8],
			"color": 0,
			"children": [
				0,
				{
					"name": "bowright",
					"origin": [12.25, 12, 8],
					"color": 0,
					"children": [1, 2]
				},
				{
					"name": "bowleft",
					"origin": [12.25, 12, 8],
					"color": 0,
					"children": [3, 4]
				}
			]
		},
		{
			"name": "box",
			"origin": [8, 8, 8],
			"color": 0,
			"children": [5, 6, 7, 8]
		},
		{
			"name": "smoke1",
			"origin": [8, 8, 8],
			"color": 0,
			"children": [9]
		},
		{
			"name": "smoke2",
			"origin": [8, 8, 8],
			"color": 0,
			"children": [10, 11]
		},
		{
			"name": "smoke3",
			"origin": [8, 8, 8],
			"color": 0,
			"children": [12, 13]
		},
		{
			"name": "smoke4",
			"origin": [8, 8, 8],
			"color": 0,
			"children": [14, 15, 16]
		},
		17,
		18
	]
}