{
	"credit": "TuxBowDie",
	"texture_size": [64, 64],
	"textures": {
		"0": "block/custom/light_strike/star_device",
		"particle": "block/custom/light_strike/star_device"
	},
	"elements": [
		{
			"from": [1.5, 0, 1.5],
			"to": [14.5, 12, 14.5],
			"rotation": {"angle": 0, "axis": "y", "origin": [8, 5.75, 8]},
			"faces": {
				"north": {"uv": [0.25, 4, 2.5, 6], "texture": "#0"},
				"east": {"uv": [0.25, 4, 2.5, 6], "texture": "#0"},
				"south": {"uv": [0.25, 4, 2.5, 6], "texture": "#0"},
				"west": {"uv": [0.25, 4, 2.5, 6], "texture": "#0"},
				"up": {"uv": [5, 3.75, 3, 3], "texture": "#0"},
				"down": {"uv": [2.5, 6.25, 0.25, 8.5], "texture": "#0"}
			}
		},
		{
			"from": [1, 12, 1],
			"to": [15, 15, 15],
			"rotation": {"angle": 0, "axis": "y", "origin": [8, 16.75, 8]},
			"faces": {
				"north": {"uv": [0.25, 3, 2.75, 3.5], "texture": "#0"},
				"east": {"uv": [0.25, 3, 2.75, 3.5], "texture": "#0"},
				"south": {"uv": [0.25, 3, 2.75, 3.5], "texture": "#0"},
				"west": {"uv": [0.25, 3, 2.75, 3.5], "texture": "#0"},
				"up": {"uv": [2.75, 2.75, 0.25, 0.25], "texture": "#0"},
				"down": {"uv": [5.5, 0.25, 3, 2.75], "texture": "#0"}
			}
		},
		{
			"from": [14.5, 0, 1.5],
			"to": [1.5, 12, 14.5],
			"rotation": {"angle": 0, "axis": "y", "origin": [8, 5.75, 8]},
			"faces": {
				"north": {"uv": [2.75, 4, 5, 6], "texture": "#0"},
				"east": {"uv": [2.75, 4, 5, 6], "texture": "#0"},
				"south": {"uv": [2.75, 4, 5, 6], "texture": "#0"},
				"west": {"uv": [2.75, 4, 5, 6], "texture": "#0"},
				"up": {"uv": [5, 3.75, 3, 3], "texture": "#0"},
				"down": {"uv": [5, 6.25, 2.75, 8.5], "texture": "#0"}
			}
		},
		{
			"from": [-0.25, 13.75, 4],
			"to": [9.75, 16.75, 12],
			"rotation": {"angle": -22.5, "axis": "z", "origin": [2.75, 16.25, 8]},
			"faces": {
				"east": {"uv": [7, 1.5, 8.25, 2], "texture": "#0"},
				"west": {"uv": [6.75, 1.5, 5.75, 2], "texture": "#0"},
				"up": {"uv": [5.75, 1.25, 7.25, 0.25], "texture": "#0"},
				"down": {"uv": [7.5, 0.25, 9, 1.25], "texture": "#0"}
			}
		},
		{
			"from": [-0.25, 13.75, 12],
			"to": [9.75, 16.75, 4],
			"rotation": {"angle": -22.5, "axis": "z", "origin": [2.75, 16.25, 8]},
			"faces": {
				"east": {"uv": [7, 1.5, 8.25, 2], "texture": "#0"},
				"west": {"uv": [5.75, 1.5, 6.75, 2], "texture": "#0"},
				"up": {"uv": [7.25, 1.25, 5.75, 0.25], "texture": "#0"},
				"down": {"uv": [7.5, 0.25, 9, 1.25], "texture": "#0"}
			}
		},
		{
			"from": [6.25, 13.75, 4],
			"to": [16.25, 16.75, 12],
			"rotation": {"angle": 22.5, "axis": "z", "origin": [13.25, 16.25, 8]},
			"faces": {
				"east": {"uv": [5.75, 1.5, 6.75, 2], "texture": "#0"},
				"west": {"uv": [7, 1.5, 8.25, 2], "texture": "#0"},
				"up": {"uv": [7.25, 1.25, 5.75, 0.25], "texture": "#0"},
				"down": {"uv": [9, 0.25, 7.5, 1.25], "texture": "#0"}
			}
		},
		{
			"from": [6.25, 13.75, 12],
			"to": [16.25, 16.75, 4],
			"rotation": {"angle": 22.5, "axis": "z", "origin": [13.25, 16.25, 8]},
			"faces": {
				"east": {"uv": [6.75, 1.5, 5.75, 2], "texture": "#0"},
				"west": {"uv": [7, 1.5, 8.25, 2], "texture": "#0"},
				"up": {"uv": [7.25, 1.25, 5.75, 0.25], "texture": "#0"},
				"down": {"uv": [9, 0.25, 7.5, 1.25], "texture": "#0"}
			}
		},
		{
			"from": [11.25, -0.275, 2.7],
			"to": [13.25, 1.725, 2.7],
			"rotation": {"angle": 22.5, "axis": "x", "origin": [13.25, 14.25, 6]},
			"faces": {
				"north": {"uv": [6, 0.75, 5.75, 0.5], "rotation": 90, "texture": "#0"},
				"south": {"uv": [7.25, 0.75, 7, 0.5], "rotation": 90, "texture": "#0"},
				"up": {"uv": [7, 1.5, 8.25, 2], "texture": "#0"},
				"down": {"uv": [5.75, 1.5, 6.75, 2], "rotation": 180, "texture": "#0"}
			}
		},
		{
			"from": [9.25, 1.725, 2.7],
			"to": [13.25, 10.725, 2.7],
			"rotation": {"angle": 22.5, "axis": "x", "origin": [13.25, 14.25, 6]},
			"faces": {
				"north": {"uv": [7.25, 1, 6, 0.5], "rotation": 90, "texture": "#0"},
				"south": {"uv": [9, 1, 7.75, 0.5], "rotation": 90, "texture": "#0"},
				"up": {"uv": [7, 1.5, 8.25, 2], "texture": "#0"},
				"down": {"uv": [5.75, 1.5, 6.75, 2], "rotation": 180, "texture": "#0"}
			}
		}
	],
	"display": {
		"head": {
			"translation": [0, -30.25, 0],
			"scale": [1.61, 1.61, 1.61]
		}
	},
	"groups": [
		{
			"name": "box",
			"origin": [8, 5.75, 8],
			"color": 0,
			"children": [0, 1, 2]
		},
		{
			"name": "bow2",
			"origin": [8, 8, 8],
			"color": 0,
			"children": [
				{
					"name": "bowright",
					"origin": [12.25, 12, 8],
					"color": 0,
					"children": [3, 4]
				},
				{
					"name": "bowleft",
					"origin": [12.25, 12, 8],
					"color": 0,
					"children": [5, 6]
				}
			]
		},
		7,
		8
	]
}