{
	"credit": "Made with Blockbench",
	"texture_size": [64, 64],
	"textures": {
		"0": "block/custom/light_strike/star_device",
		"particle": "block/custom/light_strike/star_device"
	},
	"elements": [
		{
			"from": [1.75, 0.75, 1.75],
			"to": [14.25, 3.75, 14.25],
			"rotation": {"angle": 0, "axis": "y", "origin": [8, 5.75, 8]},
			"faces": {
				"north": {"uv": [0.5, 10.25, 2.5, 11], "texture": "#0"},
				"east": {"uv": [0.5, 10.25, 2.5, 11], "texture": "#0"},
				"south": {"uv": [0.5, 10.25, 2.5, 11], "texture": "#0"},
				"west": {"uv": [0.5, 10.25, 2.5, 11], "texture": "#0"},
				"up": {"uv": [2.5, 11, 0.5, 9], "texture": "#0"},
				"down": {"uv": [2.5, 11, 0.5, 9], "texture": "#0"}
			}
		},
		{
			"from": [9.25, 0.1, 1.6],
			"to": [13.25, 12.25, 1.6],
			"rotation": {"angle": 0, "axis": "y", "origin": [13.34, 9.0675, 2]},
			"faces": {
				"north": {"uv": [7.5, 0.25, 9, 1.25], "rotation": 270, "texture": "#0"},
				"south": {"uv": [5.75, 1, 7.25, 0.5], "rotation": 270, "texture": "#0"},
				"up": {"uv": [7, 1.5, 8.25, 2], "rotation": 180, "texture": "#0"},
				"down": {"uv": [6.75, 1.5, 5.75, 2], "texture": "#0"}
			}
		},
		{
			"from": [9.25, 1.725, 2.7],
			"to": [13.25, 10.725, 2.7],
			"rotation": {"angle": 22.5, "axis": "x", "origin": [13.25, 14.25, 6]},
			"faces": {
				"north": {"uv": [7.25, 1, 6, 0.5], "rotation": 90, "texture": "#0"},
				"south": {"uv": [9, 1, 7.75, 0.5], "rotation": 90, "texture": "#0"},
				"up": {"uv": [7, 1.5, 8.25, 2], "texture": "#0"},
				"down": {"uv": [5.75, 1.5, 6.75, 2], "rotation": 180, "texture": "#0"}
			}
		},
		{
			"from": [11.25, -0.275, 2.7],
			"to": [13.25, 1.725, 2.7],
			"rotation": {"angle": 22.5, "axis": "x", "origin": [13.25, 14.25, 6]},
			"faces": {
				"north": {"uv": [6, 0.75, 5.75, 0.5], "rotation": 90, "texture": "#0"},
				"south": {"uv": [7.25, 0.75, 7, 0.5], "rotation": 90, "texture": "#0"},
				"up": {"uv": [7, 1.5, 8.25, 2], "texture": "#0"},
				"down": {"uv": [5.75, 1.5, 6.75, 2], "rotation": 180, "texture": "#0"}
			}
		},
		{
			"from": [1.5, 0, 1.5],
			"to": [14.5, 12, 14.5],
			"rotation": {"angle": 0, "axis": "y", "origin": [8, 5.75, 8]},
			"faces": {
				"north": {"uv": [0.25, 4, 2.5, 6], "texture": "#0"},
				"east": {"uv": [0.25, 4, 2.5, 6], "texture": "#0"},
				"south": {"uv": [0.25, 4, 2.5, 6], "texture": "#0"},
				"west": {"uv": [0.25, 4, 2.5, 6], "texture": "#0"},
				"up": {"uv": [5, 3.75, 3, 3], "texture": "#0"},
				"down": {"uv": [2.5, 6.25, 0.25, 8.5], "texture": "#0"}
			}
		},
		{
			"from": [14.5, 0, 1.5],
			"to": [1.5, 12, 14.5],
			"rotation": {"angle": 0, "axis": "y", "origin": [8, 5.75, 8]},
			"faces": {
				"north": {"uv": [2.75, 4, 5, 6], "texture": "#0"},
				"east": {"uv": [2.75, 4, 5, 6], "texture": "#0"},
				"south": {"uv": [2.75, 4, 5, 6], "texture": "#0"},
				"west": {"uv": [2.75, 4, 5, 6], "texture": "#0"},
				"up": {"uv": [5, 3.75, 3, 3], "texture": "#0"},
				"down": {"uv": [5, 6.25, 2.75, 8.5], "texture": "#0"}
			}
		}
	],
	"display": {
		"head": {
			"translation": [0, -30.4, 0],
			"scale": [1.6, 1.6, 1.6]
		}
	}
}