{
	"credit": "Made with Blockbench",
	"texture_size": [24, 16],
	"textures": {
		"0": "item/custom/light_strike/radio",
		"particle": "item/custom/light_strike/radio"
	},
	"elements": [
		{
			"from": [7, 9, 7],
			"to": [12, 16, 9],
			"faces": {
				"north": {"uv": [9.33333, 0, 12.66667, 7], "texture": "#0"},
				"east": {"uv": [9.33333, 0, 10, 7], "texture": "#0"},
				"south": {"uv": [12.66667, 0, 16, 7], "texture": "#0"},
				"west": {"uv": [15.33333, 0, 16, 7], "texture": "#0"},
				"up": {"uv": [9.33333, 0, 16, 1], "texture": "#0"}
			}
		},
		{
			"from": [8.5, 8, 6],
			"to": [10.5, 8, 10],
			"rotation": {"angle": 0, "axis": "y", "origin": [9.5, 8, 8]},
			"faces": {
				"down": {"uv": [0, 0, 5.33333, 16], "rotation": 180, "texture": "#0"}
			}
		},
		{
			"from": [7, 16, 7],
			"to": [9, 17, 9],
			"faces": {
				"north": {"uv": [12.66667, 16, 12, 15], "texture": "#0"},
				"east": {"uv": [12.66667, 16, 12, 15], "texture": "#0"},
				"south": {"uv": [12.66667, 16, 12, 15], "texture": "#0"},
				"west": {"uv": [12.66667, 16, 12, 15], "texture": "#0"},
				"up": {"uv": [12.66667, 16, 12, 15], "texture": "#0"}
			}
		},
		{
			"from": [9, 16, 7],
			"to": [10, 16.5, 9],
			"faces": {
				"north": {"uv": [11.33333, 16, 10.66667, 15], "texture": "#0"},
				"east": {"uv": [11.33333, 16, 10.66667, 15], "texture": "#0"},
				"south": {"uv": [11.33333, 16, 10.66667, 15], "texture": "#0"},
				"west": {"uv": [11.33333, 16, 10.66667, 15], "texture": "#0"},
				"up": {"uv": [11.33333, 16, 10.66667, 15], "texture": "#0"}
			}
		},
		{
			"from": [11, 16, 7],
			"to": [12, 19, 8],
			"faces": {
				"north": {"uv": [15.33333, 11, 16, 14], "texture": "#0"},
				"east": {"uv": [15.33333, 11, 16, 14], "texture": "#0"},
				"south": {"uv": [15.33333, 11, 16, 14], "texture": "#0"},
				"west": {"uv": [15.33333, 11, 16, 14], "texture": "#0"},
				"up": {"uv": [15.33333, 11, 16, 12], "texture": "#0"}
			}
		},
		{
			"from": [7.5, 10, 6.75],
			"to": [11.5, 11, 7.75],
			"faces": {
				"north": {"uv": [13.33333, 15, 16, 16], "texture": "#0"},
				"east": {"uv": [13.33333, 15, 14, 16], "texture": "#0"},
				"south": {"uv": [7, 15, 6, 16], "texture": "#0"},
				"west": {"uv": [15.33333, 15, 16, 16], "texture": "#0"},
				"up": {"uv": [16, 15, 13.33333, 16], "texture": "#0"}
			}
		},
		{
			"from": [7.5, 14, 6.75],
			"to": [11.5, 15, 7.75],
			"faces": {
				"north": {"uv": [13.33333, 13, 16, 14], "texture": "#0"},
				"east": {"uv": [13.33333, 13, 14, 14], "texture": "#0"},
				"south": {"uv": [7, 15, 6, 16], "texture": "#0"},
				"west": {"uv": [15.33333, 13, 16, 14], "texture": "#0"},
				"up": {"uv": [13.33333, 13, 16, 14], "texture": "#0"}
			}
		},
		{
			"from": [7.5, 12.75, 6.75],
			"to": [11.5, 13.75, 7.75],
			"faces": {
				"north": {"uv": [13.33333, 13, 16, 14], "texture": "#0"},
				"east": {"uv": [13.33333, 13, 14, 14], "texture": "#0"},
				"south": {"uv": [7, 15, 6, 16], "texture": "#0"},
				"west": {"uv": [15.33333, 13, 16, 14], "texture": "#0"},
				"up": {"uv": [13.33333, 13, 16, 14], "texture": "#0"}
			}
		}
	],
	"gui_light": "front",
	"display": {
		"thirdperson_righthand": {
			"rotation": [0, -180, 0],
			"translation": [0.5, -2, 2]
		},
		"thirdperson_lefthand": {
			"rotation": [0, -180, 0],
			"translation": [-2.5, -2, 2]
		},
		"firstperson_righthand": {
			"rotation": [-15, 135, 10],
			"translation": [-0.5, 0, 3.75]
		},
		"firstperson_lefthand": {
			"rotation": [-15, 135, 10],
			"translation": [-0.5, -1, 0]
		},
		"ground": {
			"translation": [-3, -3, 0],
			"scale": [1.25, 1.25, 1.25]
		},
		"gui": {
			"rotation": [-90, -180, 0],
			"translation": [6, 0, 0],
			"scale": [4, 4, 4]
		},
		"head": {
			"rotation": [-25, 90, 25],
			"translation": [8, -6, 2],
			"scale": [1.5, 1.5, 1.5]
		},
		"fixed": {
			"translation": [-3, -12, -1.5],
			"scale": [2, 2, 2]
		}
	}
}